restaurant id,category id,item id,serving size (oz),calories,calories from fat,total fat (g),total fat (% daily value),saturated fat (g),saturated fat (% daily value),trans fat (g),cholesterol (mg),cholesterol (% daily value),sodium (mg),sodium (% daily value),carbohydrates (g),carbohydrates (% daily value),dietary fiber (g),dietary fiber (% daily value),sugars (g),protein (g),vitamin a (% daily value),vitamin c (% daily value),calcium (% daily value),iron (% daily value)
1000,100,1.0,4.8,300,120.0,13.0,20.0,5.0,25.0,0.0,260.0,87.0,750.0,31.0,31,10.0,4,17.0,3.0,17.0,10.0,0.0,25.0,15.0
1000,100,2.0,4.8,250,70.0,8.0,12.0,3.0,15.0,0.0,25.0,8.0,770.0,32.0,30,10.0,4,17.0,3.0,18.0,6.0,0.0,25.0,8.0
1000,100,3.0,3.9,370,200.0,23.0,35.0,8.0,42.0,0.0,45.0,15.0,780.0,33.0,29,10.0,4,17.0,2.0,14.0,8.0,0.0,25.0,10.0
1000,100,4.0,5.7,450,250.0,28.0,43.0,10.0,52.0,0.0,285.0,95.0,860.0,36.0,30,10.0,4,17.0,2.0,21.0,15.0,0.0,30.0,15.0
1000,100,5.0,5.7,400,210.0,23.0,35.0,8.0,42.0,0.0,50.0,16.0,880.0,37.0,30,10.0,4,17.0,2.0,21.0,6.0,0.0,25.0,10.0
1000,100,6.0,6.5,430,210.0,23.0,36.0,9.0,46.0,1.0,300.0,100.0,960.0,40.0,31,10.0,4,18.0,3.0,26.0,15.0,2.0,30.0,20.0
1000,100,7.0,5.3,460,230.0,26.0,40.0,13.0,65.0,0.0,250.0,83.0,1300.0,54.0,38,13.0,2,7.0,3.0,19.0,10.0,8.0,15.0,15.0
1000,100,8.0,5.8,520,270.0,30.0,47.0,14.0,68.0,0.0,250.0,83.0,1410.0,59.0,43,14.0,3,12.0,4.0,19.0,15.0,8.0,20.0,20.0
1000,100,9.0,5.4,410,180.0,20.0,32.0,11.0,56.0,0.0,35.0,11.0,1300.0,54.0,36,12.0,2,7.0,3.0,20.0,2.0,8.0,15.0,10.0
1000,100,10.0,5.9,470,220.0,25.0,38.0,12.0,59.0,0.0,35.0,11.0,1420.0,59.0,42,14.0,3,12.0,4.0,20.0,6.0,8.0,15.0,15.0
1000,100,11.0,4.1,430,240.0,27.0,42.0,12.0,62.0,0.0,30.0,10.0,1080.0,45.0,34,11.0,2,6.0,2.0,11.0,0.0,0.0,6.0,15.0
1000,100,12.0,4.6,480,280.0,31.0,48.0,13.0,65.0,0.0,30.0,10.0,1190.0,50.0,39,13.0,3,11.0,3.0,11.0,4.0,0.0,8.0,15.0
1000,100,13.0,5.7,510,290.0,33.0,50.0,14.0,71.0,0.0,250.0,83.0,1170.0,49.0,36,12.0,2,6.0,2.0,18.0,6.0,0.0,10.0,20.0
1000,100,14.0,6.2,570,330.0,37.0,57.0,15.0,74.0,0.0,250.0,83.0,1280.0,53.0,42,14.0,3,11.0,3.0,18.0,10.0,0.0,10.0,20.0
1000,100,15.0,5.9,460,250.0,27.0,42.0,12.0,62.0,0.0,35.0,11.0,1180.0,49.0,34,11.0,2,6.0,3.0,18.0,0.0,0.0,8.0,15.0
1000,100,16.0,6.4,520,280.0,32.0,49.0,13.0,65.0,0.0,35.0,11.0,1290.0,54.0,40,13.0,3,11.0,3.0,18.0,4.0,0.0,8.0,15.0
1000,100,17.0,5.0,410,180.0,20.0,31.0,8.0,41.0,0.0,30.0,10.0,1180.0,49.0,41,14.0,2,6.0,3.0,17.0,0.0,2.0,6.0,15.0
1000,100,18.0,5.5,470,220.0,24.0,37.0,9.0,45.0,0.0,30.0,10.0,1290.0,54.0,46,15.0,3,11.0,4.0,17.0,4.0,2.0,8.0,15.0
1000,100,19.0,7.1,540,290.0,32.0,49.0,16.0,78.0,1.0,280.0,93.0,1470.0,61.0,38,13.0,2,8.0,3.0,25.0,10.0,2.0,20.0,25.0
1000,100,20.0,6.1,460,190.0,21.0,32.0,9.0,44.0,0.0,250.0,84.0,1250.0,52.0,48,16.0,2,9.0,15.0,19.0,10.0,10.0,20.0,15.0
1000,100,21.0,6.3,400,140.0,15.0,24.0,7.0,34.0,0.0,35.0,11.0,1250.0,52.0,47,16.0,2,9.0,16.0,20.0,2.0,10.0,15.0,10.0
1000,100,22.0,5.0,420,200.0,22.0,34.0,8.0,40.0,0.0,35.0,11.0,1030.0,43.0,44,15.0,2,8.0,15.0,11.0,0.0,0.0,8.0,10.0
1000,100,23.0,7.1,550,280.0,31.0,48.0,12.0,61.0,0.0,265.0,89.0,1320.0,55.0,48,16.0,2,9.0,15.0,20.0,10.0,0.0,20.0,15.0
1000,100,24.0,7.2,500,230.0,26.0,40.0,10.0,52.0,0.0,50.0,17.0,1320.0,55.0,46,15.0,2,9.0,15.0,21.0,2.0,0.0,20.0,10.0
1000,100,25.0,6.9,620,280.0,31.0,48.0,11.0,56.0,0.5,275.0,92.0,1480.0,62.0,57,19.0,3,11.0,7.0,30.0,20.0,15.0,20.0,20.0
1000,100,26.0,7.1,570,230.0,25.0,39.0,9.0,45.0,0.5,60.0,20.0,1480.0,62.0,55,18.0,3,12.0,8.0,30.0,10.0,15.0,20.0,15.0
1000,100,27.0,8.5,670,310.0,35.0,53.0,13.0,63.0,1.5,295.0,99.0,1510.0,63.0,56,19.0,3,12.0,7.0,33.0,20.0,4.0,25.0,25.0
1000,100,28.0,9.5,740,430.0,48.0,73.0,17.0,87.0,0.0,555.0,185.0,1560.0,65.0,51,17.0,3,12.0,3.0,28.0,15.0,2.0,15.0,25.0
1000,100,29.0,10.0,800,470.0,52.0,80.0,18.0,90.0,0.0,555.0,185.0,1680.0,70.0,56,19.0,4,17.0,3.0,28.0,15.0,2.0,15.0,30.0
1000,100,30.0,9.6,640,330.0,37.0,57.0,14.0,69.0,0.0,35.0,12.0,1590.0,66.0,50,17.0,3,12.0,3.0,26.0,0.0,2.0,10.0,15.0
1000,100,31.0,10.1,690,370.0,41.0,63.0,14.0,72.0,0.0,35.0,12.0,1700.0,71.0,55,18.0,4,17.0,4.0,26.0,4.0,2.0,10.0,15.0
1000,100,32.0,14.8,1090,510.0,56.0,87.0,19.0,96.0,0.0,575.0,192.0,2150.0,90.0,111,37.0,6,23.0,17.0,36.0,15.0,2.0,25.0,40.0
1000,100,33.0,15.3,1150,540.0,60.0,93.0,20.0,100.0,0.0,575.0,192.0,2260.0,94.0,116,39.0,7,28.0,17.0,36.0,15.0,2.0,30.0,40.0
1000,100,34.0,14.9,990,410.0,46.0,70.0,16.0,78.0,0.0,55.0,19.0,2170.0,91.0,110,37.0,6,23.0,17.0,35.0,0.0,2.0,25.0,30.0
1000,100,35.0,15.4,1050,450.0,50.0,77.0,16.0,81.0,0.0,55.0,19.0,2290.0,95.0,115,38.0,7,28.0,18.0,35.0,4.0,2.0,25.0,30.0
1000,100,36.0,5.3,350,80.0,9.0,13.0,2.0,9.0,0.0,20.0,7.0,590.0,24.0,60,20.0,3,10.0,14.0,8.0,0.0,0.0,15.0,15.0
1000,100,37.0,6.8,520,210.0,24.0,37.0,7.0,36.0,0.0,50.0,17.0,930.0,39.0,61,20.0,3,10.0,14.0,15.0,0.0,0.0,15.0,15.0
1000,100,38.0,3.9,300,150.0,16.0,25.0,7.0,33.0,0.0,115.0,38.0,790.0,33.0,26,9.0,1,5.0,2.0,12.0,10.0,2.0,15.0,15.0
1000,100,39.0,2.0,150,80.0,9.0,14.0,1.5,6.0,0.0,0.0,0.0,310.0,13.0,15,5.0,2,6.0,0.0,1.0,0.0,2.0,0.0,2.0
1000,100,40.0,4.0,460,170.0,19.0,30.0,9.0,43.0,0.0,15.0,5.0,370.0,15.0,66,22.0,3,11.0,32.0,6.0,4.0,0.0,6.0,15.0
1000,100,41.0,9.6,290,35.0,4.0,6.0,1.5,8.0,0.0,5.0,2.0,160.0,7.0,58,19.0,5,19.0,32.0,5.0,2.0,130.0,10.0,10.0
1000,100,42.0,9.6,260,40.0,4.0,6.0,1.5,8.0,0.0,5.0,2.0,115.0,5.0,49,16.0,5,22.0,18.0,5.0,2.0,130.0,6.0,10.0
1000,101,43.0,7.4,530,240.0,27.0,42.0,10.0,48.0,1.0,85.0,28.0,960.0,40.0,47,16.0,3,13.0,9.0,24.0,6.0,2.0,25.0,25.0
1000,101,44.0,7.1,520,240.0,26.0,41.0,12.0,61.0,1.5,95.0,31.0,1100.0,46.0,41,14.0,3,11.0,10.0,30.0,10.0,2.0,30.0,25.0
1000,101,45.0,8.0,600,260.0,29.0,45.0,13.0,63.0,1.5,105.0,34.0,1440.0,60.0,48,16.0,3,12.0,12.0,37.0,6.0,15.0,25.0,30.0
1000,101,46.0,8.3,610,280.0,31.0,48.0,13.0,64.0,1.5,105.0,35.0,1180.0,49.0,46,15.0,3,14.0,10.0,37.0,8.0,20.0,25.0,30.0
1000,101,47.0,8.6,540,250.0,27.0,42.0,11.0,54.0,1.5,85.0,28.0,960.0,40.0,45,15.0,3,13.0,9.0,29.0,10.0,8.0,25.0,30.0
1000,101,48.0,10.0,750,380.0,43.0,66.0,19.0,96.0,2.5,160.0,53.0,1280.0,53.0,42,14.0,3,11.0,10.0,48.0,10.0,2.0,30.0,35.0
1000,101,49.0,3.5,240,70.0,8.0,12.0,3.0,15.0,0.0,30.0,10.0,480.0,20.0,32,11.0,1,6.0,6.0,12.0,2.0,2.0,10.0,15.0
1000,101,50.0,4.0,290,100.0,11.0,18.0,5.0,27.0,0.5,45.0,15.0,680.0,28.0,33,11.0,2,7.0,7.0,15.0,6.0,2.0,20.0,15.0
1000,101,51.0,5.7,430,190.0,21.0,32.0,10.0,52.0,1.0,90.0,30.0,1040.0,43.0,35,12.0,2,8.0,7.0,24.0,10.0,2.0,30.0,20.0
1000,101,52.0,9.5,720,360.0,40.0,62.0,15.0,75.0,1.5,115.0,38.0,1470.0,61.0,51,17.0,4,14.0,14.0,39.0,8.0,25.0,30.0,25.0
1000,101,53.0,5.2,380,150.0,17.0,26.0,8.0,40.0,1.0,75.0,25.0,840.0,35.0,34,11.0,2,7.0,7.0,22.0,6.0,2.0,20.0,20.0
1000,101,54.0,5.7,440,200.0,22.0,34.0,10.0,49.0,1.0,90.0,30.0,1110.0,46.0,35,12.0,2,7.0,7.0,27.0,6.0,10.0,20.0,20.0
1000,101,55.0,6.7,430,200.0,22.0,35.0,9.0,44.0,1.0,80.0,27.0,760.0,32.0,34,11.0,2,8.0,7.0,22.0,8.0,8.0,20.0,20.0
1000,101,56.0,5.6,430,210.0,23.0,36.0,9.0,44.0,1.0,80.0,27.0,1030.0,43.0,35,12.0,2,7.0,6.0,22.0,6.0,8.0,20.0,20.0
1000,101,57.0,7.3,500,240.0,26.0,40.0,10.0,48.0,0.0,70.0,23.0,980.0,41.0,44,15.0,3,10.0,11.0,22.0,2.0,2.0,15.0,20.0
1000,102,58.0,7.5,510,200.0,22.0,33.0,3.5,18.0,0.0,45.0,16.0,990.0,41.0,55,18.0,3,13.0,10.0,24.0,4.0,6.0,15.0,20.0
1000,102,59.0,7.0,350,80.0,9.0,13.0,2.0,9.0,0.0,65.0,22.0,820.0,34.0,42,14.0,3,13.0,8.0,28.0,4.0,8.0,15.0,20.0
1000,102,60.0,8.8,670,300.0,33.0,51.0,9.0,44.0,0.0,85.0,29.0,1410.0,59.0,58,19.0,3,14.0,11.0,36.0,8.0,20.0,30.0,20.0
1000,102,61.0,8.3,510,180.0,20.0,31.0,7.0,36.0,0.0,105.0,35.0,1250.0,52.0,44,15.0,3,13.0,9.0,40.0,8.0,20.0,30.0,20.0
1000,102,62.0,8.1,610,250.0,28.0,43.0,6.0,31.0,0.0,70.0,24.0,1400.0,58.0,57,19.0,3,13.0,11.0,32.0,4.0,20.0,15.0,20.0
1000,102,63.0,7.6,450,130.0,15.0,23.0,4.5,22.0,0.0,90.0,30.0,1230.0,51.0,43,14.0,3,13.0,9.0,36.0,4.0,20.0,15.0,20.0
1000,102,64.0,10.0,750,340.0,38.0,59.0,10.0,51.0,0.5,90.0,31.0,1720.0,72.0,65,22.0,4,15.0,16.0,36.0,8.0,25.0,30.0,15.0
1000,102,65.0,9.5,590,230.0,25.0,39.0,8.0,42.0,0.0,110.0,37.0,1560.0,65.0,51,17.0,4,15.0,14.0,40.0,8.0,30.0,30.0,15.0
1000,102,66.0,5.6,430,170.0,19.0,29.0,3.0,15.0,0.0,45.0,14.0,910.0,38.0,43,14.0,2,7.0,7.0,21.0,4.0,2.0,15.0,15.0
1000,102,67.0,5.1,360,140.0,16.0,25.0,3.0,15.0,0.0,35.0,11.0,800.0,33.0,40,13.0,2,7.0,5.0,14.0,0.0,2.0,10.0,15.0
1000,102,68.0,6.0,480,220.0,24.0,38.0,7.0,35.0,0.0,65.0,21.0,1260.0,53.0,43,14.0,2,8.0,6.0,22.0,4.0,10.0,20.0,15.0
1000,102,69.0,5.7,430,190.0,21.0,32.0,5.0,25.0,0.0,50.0,17.0,1260.0,53.0,41,14.0,2,7.0,6.0,20.0,2.0,10.0,15.0,15.0
1000,102,70.0,5.2,360,150.0,16.0,25.0,3.0,16.0,0.0,35.0,11.0,990.0,41.0,40,13.0,2,7.0,5.0,14.0,2.0,2.0,15.0,15.0
1000,102,71.0,11.1,630,280.0,32.0,49.0,9.0,45.0,0.5,80.0,26.0,1540.0,64.0,56,19.0,3,13.0,7.0,32.0,60.0,20.0,20.0,20.0
1000,102,72.0,10.7,480,170.0,19.0,28.0,7.0,36.0,0.0,95.0,32.0,1370.0,57.0,42,14.0,3,13.0,6.0,36.0,60.0,25.0,20.0,20.0
1000,102,73.0,10.9,610,280.0,31.0,47.0,8.0,40.0,0.5,65.0,21.0,1340.0,56.0,56,19.0,3,14.0,8.0,27.0,60.0,15.0,20.0,20.0
1000,102,74.0,10.5,450,160.0,18.0,27.0,6.0,31.0,0.5,80.0,27.0,1170.0,49.0,42,14.0,3,14.0,6.0,30.0,60.0,15.0,15.0,20.0
1000,102,75.0,11.1,670,300.0,33.0,51.0,8.0,40.0,0.5,60.0,21.0,1480.0,62.0,68,23.0,5,19.0,12.0,27.0,60.0,15.0,20.0,20.0
1000,102,76.0,11.2,520,180.0,20.0,31.0,6.0,32.0,0.0,80.0,27.0,1320.0,55.0,55,18.0,5,20.0,10.0,31.0,70.0,15.0,20.0,20.0
1000,102,77.0,10.7,540,200.0,23.0,35.0,4.5,23.0,0.0,50.0,16.0,1260.0,52.0,61,20.0,3,13.0,14.0,23.0,60.0,15.0,8.0,20.0
1000,102,78.0,10.3,380,90.0,10.0,15.0,3.0,14.0,0.0,65.0,22.0,1090.0,45.0,47,16.0,3,13.0,12.0,27.0,60.0,15.0,8.0,20.0
1000,102,79.0,2.3,190,110.0,12.0,18.0,2.0,10.0,0.0,25.0,9.0,360.0,15.0,12,4.0,1,2.0,0.0,9.0,0.0,2.0,0.0,2.0
1000,102,80.0,3.4,280,160.0,18.0,27.0,3.0,15.0,0.0,40.0,13.0,540.0,22.0,18,6.0,1,4.0,0.0,13.0,0.0,2.0,2.0,4.0
1000,102,81.0,5.7,470,270.0,30.0,45.0,5.0,25.0,0.0,65.0,22.0,900.0,37.0,30,10.0,2,6.0,0.0,22.0,0.0,4.0,2.0,6.0
1000,102,82.0,11.4,940,530.0,59.0,91.0,10.0,50.0,0.0,135.0,44.0,1800.0,75.0,59,20.0,3,12.0,0.0,44.0,0.0,8.0,4.0,10.0
1000,102,83.0,22.8,1880,1060.0,118.0,182.0,20.0,101.0,1.0,265.0,89.0,3600.0,150.0,118,39.0,6,24.0,1.0,87.0,0.0,15.0,8.0,25.0
1000,102,84.0,5.0,390,170.0,19.0,29.0,4.0,19.0,0.0,40.0,14.0,590.0,24.0,39,13.0,2,7.0,5.0,15.0,2.0,0.0,15.0,10.0
1000,103,85.0,7.9,140,70.0,7.0,11.0,3.5,18.0,0.0,25.0,9.0,300.0,13.0,10,3.0,3,12.0,4.0,9.0,170.0,30.0,15.0,6.0
1000,103,86.0,9.0,380,190.0,21.0,33.0,6.0,29.0,0.0,70.0,23.0,860.0,36.0,22,7.0,2,10.0,5.0,25.0,100.0,25.0,15.0,8.0
1000,103,87.0,8.5,220,80.0,8.0,13.0,4.0,20.0,0.0,85.0,29.0,690.0,29.0,8,3.0,2,10.0,4.0,29.0,110.0,30.0,15.0,8.0
1000,103,88.0,8.1,140,40.0,4.5,7.0,2.0,9.0,0.0,10.0,3.0,150.0,6.0,20,7.0,6,23.0,6.0,6.0,160.0,25.0,15.0,10.0
1000,103,89.0,12.3,450,190.0,22.0,33.0,4.5,22.0,0.0,50.0,17.0,850.0,35.0,42,14.0,7,28.0,12.0,23.0,170.0,30.0,15.0,15.0
1000,103,90.0,11.8,290,80.0,8.0,13.0,2.5,13.0,0.0,70.0,23.0,680.0,28.0,28,9.0,7,28.0,10.0,27.0,170.0,30.0,15.0,15.0
1000,104,91.0,4.6,340,130.0,15.0,23.0,4.5,22.0,0.0,30.0,11.0,780.0,33.0,37,12.0,1,6.0,8.0,14.0,4.0,0.0,10.0,10.0
1000,104,92.0,4.3,260,70.0,8.0,13.0,3.5,18.0,0.0,40.0,14.0,700.0,29.0,30,10.0,1,6.0,7.0,16.0,4.0,2.0,10.0,10.0
1000,104,93.0,4.3,330,130.0,15.0,23.0,4.5,22.0,0.0,35.0,11.0,730.0,30.0,34,11.0,1,5.0,3.0,14.0,2.0,0.0,10.0,10.0
1000,104,94.0,4.1,250,70.0,8.0,13.0,3.5,18.0,0.0,45.0,14.0,650.0,27.0,27,9.0,1,5.0,2.0,16.0,2.0,2.0,10.0,10.0
1000,104,95.0,4.5,360,180.0,20.0,30.0,5.0,27.0,0.0,40.0,13.0,810.0,34.0,32,11.0,1,5.0,3.0,15.0,2.0,0.0,10.0,10.0
1000,104,96.0,4.3,280,120.0,13.0,20.0,4.5,22.0,0.0,45.0,16.0,720.0,30.0,25,8.0,1,5.0,2.0,16.0,2.0,2.0,10.0,10.0
1000,104,97.0,2.6,230,100.0,11.0,17.0,1.5,8.0,0.0,0.0,0.0,130.0,5.0,30,10.0,2,10.0,0.0,2.0,0.0,30.0,0.0,4.0
1000,104,98.0,3.9,340,140.0,16.0,24.0,2.5,11.0,0.0,0.0,0.0,190.0,8.0,44,15.0,4,14.0,0.0,4.0,0.0,45.0,2.0,4.0
1000,104,99.0,5.9,510,220.0,24.0,37.0,3.5,17.0,0.0,0.0,0.0,290.0,12.0,67,22.0,5,22.0,0.0,6.0,0.0,70.0,2.0,8.0
1000,104,100.0,1.3,110,50.0,5.0,8.0,1.0,4.0,0.0,0.0,0.0,65.0,3.0,15,5.0,1,5.0,0.0,1.0,0.0,15.0,0.0,2.0
1000,104,101.0,3.1,20,0.0,0.0,0.0,0.0,0.0,0.0,0.0,0.0,10.0,0.0,4,1.0,1,6.0,2.0,1.0,45.0,25.0,2.0,4.0
1000,104,102.0,1.2,15,0.0,0.0,0.0,0.0,0.0,0.0,0.0,0.0,0.0,0.0,4,1.0,0,0.0,3.0,0.0,0.0,160.0,2.0,0.0
1000,104,103.0,5.2,150,20.0,2.0,3.0,1.0,5.0,0.0,5.0,2.0,70.0,3.0,30,10.0,1,3.0,23.0,4.0,2.0,15.0,10.0,4.0
1000,105,104.0,2.7,250,110.0,13.0,19.0,7.0,35.0,0.0,0.0,0.0,170.0,7.0,32,11.0,4,15.0,13.0,2.0,4.0,25.0,2.0,6.0
1000,105,105.0,1.164042,160,70.0,8.0,12.0,3.5,19.0,0.0,10.0,3.0,90.0,4.0,21,7.0,1,3.0,15.0,2.0,2.0,0.0,2.0,8.0
1000,105,106.0,1.164042,150,50.0,6.0,9.0,2.5,13.0,0.0,10.0,3.0,135.0,6.0,22,7.0,1,3.0,13.0,2.0,2.0,0.0,2.0,6.0
1000,105,107.0,1.0,45,10.0,1.5,2.0,1.0,4.0,0.0,5.0,2.0,20.0,1.0,7,2.0,0,0.0,6.0,1.0,2.0,0.0,4.0,0.0
1000,105,108.0,6.3,330,80.0,9.0,14.0,7.0,34.0,0.0,25.0,8.0,170.0,7.0,53,18.0,1,3.0,48.0,8.0,8.0,0.0,25.0,8.0
1000,105,109.0,6.4,340,70.0,8.0,12.0,5.0,24.0,0.0,30.0,10.0,150.0,6.0,60,20.0,0,0.0,43.0,7.0,10.0,0.0,25.0,0.0
1000,105,110.0,6.3,280,60.0,6.0,10.0,4.0,20.0,0.0,25.0,8.0,85.0,4.0,49,16.0,0,0.0,45.0,6.0,8.0,4.0,20.0,0.0
1000,106,111.0,16.0,140,0.0,0.0,0.0,0.0,0.0,0.0,0.0,0.0,0.0,0.0,39,13.0,0,0.0,39.0,0.0,0.0,0.0,0.0,0.0
1000,106,112.0,21.0,200,0.0,0.0,0.0,0.0,0.0,0.0,0.0,0.0,5.0,0.0,55,18.0,0,0.0,55.0,0.0,0.0,0.0,0.0,0.0
1000,106,113.0,30.0,280,0.0,0.0,0.0,0.0,0.0,0.0,0.0,0.0,5.0,0.0,76,25.0,0,0.0,76.0,0.0,0.0,0.0,0.0,0.0
1000,106,114.0,12.0,100,0.0,0.0,0.0,0.0,0.0,0.0,0.0,0.0,0.0,0.0,28,9.0,0,0.0,28.0,0.0,0.0,0.0,0.0,0.0
1000,106,115.0,16.0,0,0.0,0.0,0.0,0.0,0.0,0.0,0.0,0.0,10.0,0.0,0,0.0,0,0.0,0.0,0.0,0.0,0.0,0.0,0.0
1000,106,116.0,21.0,0,0.0,0.0,0.0,0.0,0.0,0.0,0.0,0.0,20.0,1.0,0,0.0,0,0.0,0.0,0.0,0.0,0.0,0.0,0.0
1000,106,117.0,30.0,0,0.0,0.0,0.0,0.0,0.0,0.0,0.0,0.0,35.0,1.0,0,0.0,0,0.0,0.0,0.0,0.0,0.0,0.0,0.0
1000,106,118.0,12.0,0,0.0,0.0,0.0,0.0,0.0,0.0,0.0,0.0,15.0,1.0,0,0.0,0,0.0,0.0,0.0,0.0,0.0,0.0,0.0
1000,106,119.0,16.0,140,0.0,0.0,0.0,0.0,0.0,0.0,0.0,0.0,45.0,2.0,37,12.0,0,0.0,35.0,0.0,0.0,0.0,0.0,0.0
1000,106,120.0,21.0,190,0.0,0.0,0.0,0.0,0.0,0.0,0.0,0.0,65.0,3.0,53,18.0,0,0.0,51.0,0.0,0.0,0.0,0.0,0.0
1000,106,121.0,30.0,270,0.0,0.0,0.0,0.0,0.0,0.0,0.0,0.0,90.0,4.0,72,24.0,0,0.0,70.0,0.0,0.0,0.0,0.0,0.0
1000,106,122.0,12.0,100,0.0,0.0,0.0,0.0,0.0,0.0,0.0,0.0,30.0,1.0,27,9.0,0,0.0,26.0,0.0,0.0,0.0,0.0,0.0
1000,106,123.0,16.0,0,0.0,0.0,0.0,0.0,0.0,0.0,0.0,0.0,70.0,3.0,0,0.0,0,0.0,0.0,2.0,0.0,0.0,0.0,0.0
1000,106,124.0,21.0,0,0.0,0.0,0.0,0.0,0.0,0.0,0.0,0.0,100.0,4.0,0,0.0,0,0.0,0.0,3.0,0.0,0.0,0.0,0.0
1000,106,125.0,30.0,0,0.0,0.0,0.0,0.0,0.0,0.0,0.0,0.0,140.0,6.0,0,0.0,0,0.0,0.0,4.0,0.0,0.0,0.0,0.0
1000,106,126.0,12.0,0,0.0,0.0,0.0,0.0,0.0,0.0,0.0,0.0,50.0,2.0,0,0.0,0,0.0,0.0,1.0,0.0,0.0,0.0,0.0
1000,106,127.0,16.0,140,0.0,0.0,0.0,0.0,0.0,0.0,0.0,0.0,30.0,1.0,37,12.0,0,0.0,37.0,0.0,0.0,0.0,0.0,0.0
1000,106,128.0,21.0,200,0.0,0.0,0.0,0.0,0.0,0.0,0.0,0.0,45.0,2.0,54,18.0,0,0.0,54.0,0.0,0.0,0.0,0.0,0.0
1000,106,129.0,30.0,280,0.0,0.0,0.0,0.0,0.0,0.0,0.0,0.0,60.0,3.0,74,25.0,0,0.0,74.0,0.0,0.0,0.0,0.0,0.0
1000,106,130.0,12.0,100,0.0,0.0,0.0,0.0,0.0,0.0,0.0,0.0,25.0,1.0,27,9.0,0,0.0,27.0,0.0,0.0,0.0,0.0,0.0
1000,106,131.0,7.980103999999999,100,20.0,2.5,4.0,1.5,8.0,0.0,10.0,3.0,125.0,5.0,12,4.0,0,0.0,12.0,8.0,10.0,4.0,30.0,0.0
1000,106,132.0,7.980103999999999,130,0.0,0.0,0.0,0.0,0.0,0.0,5.0,2.0,135.0,6.0,23,8.0,1,2.0,22.0,9.0,10.0,0.0,30.0,8.0
1000,106,133.0,6.0,80,0.0,0.0,0.0,0.0,0.0,0.0,0.0,0.0,15.0,1.0,21,7.0,0,0.0,19.0,0.0,0.0,100.0,10.0,0.0
1000,106,134.0,12.0,150,0.0,0.0,0.0,0.0,0.0,0.0,0.0,0.0,0.0,0.0,34,11.0,0,0.0,30.0,2.0,0.0,130.0,2.0,0.0
1000,106,135.0,16.0,190,0.0,0.0,0.0,0.0,0.0,0.0,0.0,0.0,0.0,0.0,44,15.0,0,0.0,39.0,3.0,0.0,160.0,4.0,0.0
1000,106,136.0,22.0,280,0.0,0.0,0.0,0.0,0.0,0.0,0.0,0.0,5.0,0.0,65,22.0,0,0.0,58.0,4.0,0.0,240.0,4.0,0.0
1000,106,137.0,16.9,0,0.0,0.0,0.0,0.0,0.0,0.0,0.0,0.0,0.0,0.0,0,0.0,0,0.0,0.0,0.0,0.0,0.0,0.0,0.0
1000,107,138.0,16.0,0,0.0,0.0,0.0,0.0,0.0,0.0,0.0,0.0,10.0,0.0,0,0.0,0,0.0,0.0,0.0,0.0,0.0,0.0,0.0
1000,107,139.0,21.0,0,0.0,0.0,0.0,0.0,0.0,0.0,0.0,0.0,10.0,0.0,0,0.0,0,0.0,0.0,0.0,0.0,0.0,0.0,0.0
1000,107,140.0,30.0,0,0.0,0.0,0.0,0.0,0.0,0.0,0.0,0.0,15.0,1.0,0,0.0,0,0.0,0.0,0.0,0.0,0.0,0.0,0.0
1000,107,141.0,12.0,0,0.0,0.0,0.0,0.0,0.0,0.0,0.0,0.0,5.0,0.0,0,0.0,0,0.0,0.0,0.0,0.0,0.0,0.0,0.0
1000,107,142.0,16.0,150,0.0,0.0,0.0,0.0,0.0,0.0,0.0,0.0,10.0,0.0,36,12.0,0,0.0,36.0,1.0,0.0,0.0,0.0,0.0
1000,107,143.0,21.0,180,0.0,0.0,0.0,0.0,0.0,0.0,0.0,0.0,10.0,0.0,45,15.0,0,0.0,45.0,1.0,0.0,0.0,0.0,0.0
1000,107,144.0,30.0,220,0.0,0.0,0.0,0.0,0.0,0.0,0.0,0.0,10.0,1.0,54,18.0,0,0.0,54.0,1.0,0.0,0.0,0.0,0.0
1000,107,145.0,12.0,110,0.0,0.0,0.0,0.0,0.0,0.0,0.0,0.0,5.0,0.0,27,9.0,0,0.0,27.0,0.0,0.0,0.0,0.0,0.0
1000,107,146.0,12.0,0,0.0,0.0,0.0,0.0,0.0,0.0,0.0,0.0,0.0,0.0,0,0.0,0,0.0,0.0,0.0,0.0,0.0,0.0,0.0
1000,107,147.0,16.0,0,0.0,0.0,0.0,0.0,0.0,0.0,0.0,0.0,0.0,0.0,0,0.0,0,0.0,0.0,0.0,0.0,0.0,0.0,0.0
1000,107,148.0,16.0,0,0.0,0.0,0.0,0.0,0.0,0.0,0.0,0.0,0.0,0.0,0,0.0,0,0.0,0.0,0.0,0.0,0.0,0.0,0.0
1000,107,149.0,12.0,170,80.0,9.0,13.0,5.0,24.0,0.0,25.0,9.0,115.0,5.0,15,5.0,1,3.0,12.0,9.0,8.0,0.0,30.0,0.0
1000,107,150.0,16.0,210,90.0,10.0,16.0,6.0,30.0,0.0,30.0,11.0,140.0,6.0,18,6.0,1,4.0,15.0,11.0,10.0,0.0,35.0,0.0
1000,107,151.0,20.0,280,120.0,14.0,21.0,8.0,39.0,0.0,40.0,14.0,180.0,8.0,24,8.0,1,6.0,20.0,15.0,15.0,0.0,50.0,2.0
1000,107,152.0,12.0,270,80.0,9.0,13.0,5.0,24.0,0.0,25.0,9.0,115.0,5.0,40,13.0,1,3.0,38.0,9.0,8.0,0.0,30.0,0.0
1000,107,153.0,16.0,340,90.0,10.0,16.0,6.0,30.0,0.0,30.0,11.0,140.0,6.0,50,17.0,1,4.0,48.0,11.0,10.0,0.0,35.0,0.0
1000,107,154.0,20.0,430,120.0,14.0,21.0,8.0,39.0,0.0,40.0,14.0,180.0,8.0,62,21.0,1,6.0,59.0,15.0,15.0,0.0,50.0,2.0
1000,107,155.0,12.0,270,80.0,9.0,13.0,5.0,24.0,0.0,25.0,9.0,115.0,5.0,40,13.0,1,3.0,38.0,9.0,8.0,0.0,30.0,0.0
1000,107,156.0,16.0,330,90.0,10.0,16.0,6.0,30.0,0.0,30.0,11.0,140.0,6.0,50,17.0,1,4.0,47.0,11.0,10.0,0.0,35.0,0.0
1000,107,157.0,20.0,430,120.0,14.0,21.0,8.0,39.0,0.0,40.0,14.0,180.0,8.0,62,21.0,1,6.0,58.0,15.0,15.0,0.0,50.0,2.0
1000,107,158.0,12.0,260,80.0,9.0,13.0,5.0,24.0,0.0,25.0,9.0,115.0,5.0,38,13.0,1,3.0,36.0,9.0,8.0,0.0,30.0,0.0
1000,107,159.0,16.0,330,90.0,10.0,16.0,6.0,30.0,0.0,30.0,11.0,140.0,6.0,48,16.0,1,4.0,45.0,11.0,10.0,0.0,35.0,2.0
1000,107,160.0,20.0,420,120.0,14.0,21.0,8.0,39.0,0.0,40.0,14.0,190.0,8.0,60,20.0,1,6.0,56.0,15.0,15.0,0.0,50.0,2.0
1000,107,161.0,12.0,210,80.0,9.0,13.0,5.0,24.0,0.0,25.0,9.0,150.0,6.0,24,8.0,1,4.0,12.0,9.0,8.0,0.0,30.0,0.0
1000,107,162.0,16.0,260,90.0,10.0,16.0,6.0,30.0,0.0,30.0,11.0,190.0,8.0,29,10.0,1,5.0,15.0,12.0,10.0,0.0,35.0,0.0
1000,107,163.0,20.0,330,120.0,14.0,21.0,8.0,39.0,0.0,40.0,14.0,240.0,10.0,37,12.0,2,7.0,20.0,15.0,15.0,0.0,50.0,2.0
1000,107,164.0,12.0,100,0.0,0.0,0.0,0.0,0.0,0.0,5.0,2.0,110.0,5.0,15,5.0,1,3.0,13.0,10.0,10.0,0.0,30.0,0.0
1000,107,165.0,16.0,130,0.0,0.0,0.0,0.0,0.0,0.0,5.0,2.0,135.0,6.0,19,6.0,1,4.0,16.0,12.0,15.0,0.0,40.0,0.0
1000,107,166.0,20.0,170,0.0,0.5,1.0,0.0,0.0,0.0,10.0,3.0,180.0,7.0,25,8.0,1,6.0,21.0,16.0,15.0,0.0,50.0,2.0
1000,107,167.0,12.0,200,0.0,0.0,0.0,0.0,0.0,0.0,5.0,2.0,110.0,5.0,41,14.0,1,3.0,39.0,10.0,10.0,0.0,30.0,0.0
1000,107,168.0,16.0,250,0.0,0.0,0.0,0.0,0.0,0.0,5.0,2.0,135.0,6.0,51,17.0,1,4.0,48.0,12.0,15.0,0.0,40.0,0.0
1000,107,169.0,20.0,310,0.0,0.5,1.0,0.0,0.0,0.0,10.0,3.0,180.0,7.0,63,21.0,1,6.0,59.0,16.0,15.0,0.0,50.0,2.0
1000,107,170.0,12.0,200,0.0,0.0,0.0,0.0,0.0,0.0,5.0,2.0,110.0,5.0,40,13.0,1,3.0,38.0,10.0,10.0,0.0,30.0,0.0
1000,107,171.0,16.0,250,0.0,0.0,0.0,0.0,0.0,0.0,5.0,2.0,135.0,6.0,51,17.0,1,4.0,48.0,12.0,15.0,0.0,40.0,0.0
1000,107,172.0,20.0,310,0.0,0.5,1.0,0.0,0.0,0.0,10.0,3.0,180.0,7.0,63,21.0,1,6.0,59.0,16.0,15.0,0.0,50.0,2.0
1000,107,173.0,12.0,190,0.0,0.0,0.0,0.0,0.0,0.0,5.0,2.0,115.0,5.0,39,13.0,1,3.0,37.0,10.0,10.0,0.0,30.0,0.0
1000,107,174.0,16.0,240,0.0,0.0,0.0,0.0,0.0,0.0,5.0,2.0,140.0,6.0,49,16.0,1,4.0,46.0,12.0,15.0,0.0,40.0,2.0
1000,107,175.0,20.0,300,0.0,0.5,1.0,0.0,0.0,0.0,10.0,3.0,180.0,8.0,60,20.0,1,6.0,56.0,16.0,15.0,0.0,50.0,2.0
1000,107,176.0,12.0,140,0.0,0.0,0.0,0.0,0.0,0.0,5.0,2.0,150.0,6.0,24,8.0,1,4.0,13.0,10.0,10.0,0.0,30.0,0.0
1000,107,177.0,16.0,170,0.0,0.0,0.0,0.0,0.0,0.0,5.0,2.0,180.0,8.0,30,10.0,1,5.0,16.0,12.0,15.0,0.0,40.0,0.0
1000,107,178.0,20.0,220,0.0,0.5,1.0,0.0,0.0,0.0,10.0,3.0,240.0,10.0,38,13.0,2,7.0,21.0,16.0,15.0,0.0,50.0,2.0
1000,107,179.0,12.0,340,100.0,11.0,18.0,7.0,34.0,0.0,35.0,12.0,150.0,6.0,49,16.0,2,6.0,42.0,10.0,10.0,0.0,30.0,6.0
1000,107,180.0,16.0,410,120.0,14.0,21.0,8.0,40.0,0.0,40.0,14.0,190.0,8.0,60,20.0,2,8.0,53.0,13.0,10.0,0.0,40.0,6.0
1000,107,181.0,20.0,500,150.0,17.0,26.0,10.0,49.0,0.5,50.0,17.0,240.0,10.0,72,24.0,2,10.0,63.0,16.0,15.0,0.0,50.0,8.0
1000,107,182.0,12.0,270,30.0,3.5,5.0,2.0,11.0,0.0,15.0,5.0,150.0,6.0,49,16.0,2,6.0,43.0,11.0,10.0,0.0,35.0,6.0
1000,107,183.0,16.0,330,30.0,3.5,6.0,2.0,11.0,0.0,15.0,5.0,190.0,8.0,60,20.0,2,8.0,53.0,13.0,15.0,0.0,40.0,6.0
1000,107,184.0,20.0,390,35.0,4.0,6.0,2.5,12.0,0.0,20.0,6.0,240.0,10.0,73,24.0,2,10.0,64.0,17.0,20.0,0.0,50.0,8.0
1000,107,185.0,12.0,320,100.0,11.0,17.0,7.0,33.0,0.0,35.0,12.0,170.0,7.0,45,15.0,1,3.0,40.0,10.0,10.0,0.0,30.0,2.0
1000,107,186.0,16.0,390,120.0,14.0,21.0,8.0,40.0,0.5,40.0,14.0,220.0,9.0,55,18.0,1,4.0,50.0,12.0,15.0,0.0,40.0,2.0
1000,107,187.0,20.0,480,150.0,17.0,26.0,10.0,49.0,0.5,50.0,17.0,270.0,11.0,66,22.0,1,5.0,60.0,16.0,15.0,0.0,50.0,4.0
1000,107,188.0,12.0,250,30.0,3.5,5.0,2.0,10.0,0.0,15.0,5.0,170.0,7.0,45,15.0,1,3.0,41.0,10.0,10.0,0.0,35.0,2.0
1000,107,189.0,16.0,310,30.0,3.5,5.0,2.0,11.0,0.0,15.0,5.0,210.0,9.0,56,19.0,1,4.0,51.0,13.0,15.0,0.0,40.0,2.0
1000,107,190.0,20.0,370,35.0,3.5,6.0,2.5,11.0,0.0,20.0,6.0,270.0,11.0,67,22.0,1,5.0,61.0,17.0,20.0,0.0,50.0,4.0
1000,107,191.0,12.0,360,120.0,13.0,21.0,8.0,39.0,0.0,40.0,14.0,180.0,8.0,50,17.0,1,3.0,45.0,11.0,10.0,0.0,40.0,6.0
1000,107,192.0,16.0,440,140.0,16.0,25.0,9.0,47.0,0.5,50.0,16.0,220.0,9.0,61,20.0,1,4.0,56.0,14.0,15.0,0.0,45.0,6.0
1000,107,193.0,20.0,540,180.0,20.0,31.0,12.0,58.0,0.5,60.0,20.0,280.0,12.0,73,24.0,1,5.0,68.0,17.0,20.0,0.0,60.0,8.0
1000,107,194.0,12.0,280,30.0,3.5,5.0,2.0,11.0,0.0,15.0,5.0,180.0,7.0,50,17.0,1,3.0,46.0,12.0,15.0,0.0,40.0,6.0
1000,107,195.0,16.0,340,30.0,3.5,5.0,2.0,11.0,0.0,15.0,6.0,220.0,9.0,61,20.0,1,4.0,57.0,14.0,20.0,0.0,50.0,6.0
1000,107,196.0,20.0,400,35.0,3.5,6.0,2.5,12.0,0.0,20.0,7.0,280.0,12.0,74,25.0,1,5.0,69.0,19.0,25.0,0.0,60.0,8.0
1000,107,197.0,16.0,140,40.0,4.5,7.0,3.0,15.0,0.0,15.0,6.0,35.0,1.0,23,8.0,0,0.0,22.0,1.0,4.0,0.0,4.0,0.0
1000,107,198.0,22.0,190,60.0,7.0,11.0,4.5,22.0,0.0,25.0,9.0,50.0,2.0,31,10.0,0,0.0,30.0,1.0,4.0,0.0,4.0,0.0
1000,107,199.0,32.0,270,80.0,9.0,14.0,6.0,29.0,0.0,35.0,12.0,75.0,3.0,47,16.0,0,0.0,45.0,2.0,6.0,0.0,8.0,0.0
1000,107,200.0,16.0,130,40.0,4.5,7.0,3.0,15.0,0.0,15.0,6.0,35.0,2.0,22,7.0,0,0.0,21.0,1.0,4.0,0.0,4.0,0.0
1000,107,201.0,22.0,180,60.0,7.0,11.0,4.5,22.0,0.0,25.0,9.0,50.0,2.0,29,10.0,0,0.0,28.0,1.0,4.0,0.0,4.0,0.0
1000,107,202.0,32.0,260,80.0,9.0,14.0,6.0,29.0,0.0,35.0,12.0,65.0,3.0,43,14.0,0,0.0,42.0,2.0,6.0,0.0,6.0,0.0
1000,107,203.0,16.0,130,40.0,4.5,7.0,3.0,15.0,0.0,15.0,6.0,35.0,1.0,21,7.0,0,0.0,20.0,1.0,4.0,0.0,4.0,0.0
1000,107,204.0,22.0,180,60.0,7.0,11.0,4.5,22.0,0.0,25.0,9.0,50.0,2.0,29,10.0,0,0.0,28.0,1.0,4.0,0.0,4.0,0.0
1000,107,205.0,32.0,250,80.0,9.0,14.0,6.0,29.0,0.0,35.0,12.0,75.0,3.0,43,14.0,0,0.0,41.0,2.0,6.0,0.0,8.0,0.0
1000,107,206.0,16.0,120,40.0,4.5,7.0,3.0,15.0,0.0,15.0,6.0,40.0,2.0,20,7.0,0,0.0,19.0,1.0,4.0,0.0,4.0,0.0
1000,107,207.0,22.0,170,60.0,7.0,11.0,4.5,22.0,0.0,25.0,9.0,55.0,2.0,27,9.0,0,0.0,26.0,1.0,4.0,0.0,4.0,0.0
1000,107,208.0,32.0,240,80.0,9.0,14.0,6.0,29.0,0.0,35.0,12.0,80.0,3.0,41,14.0,0,0.0,39.0,2.0,6.0,0.0,8.0,0.0
1000,107,209.0,16.0,80,40.0,4.5,7.0,3.0,15.0,0.0,15.0,6.0,65.0,3.0,9,3.0,0,0.0,1.0,1.0,4.0,0.0,4.0,0.0
1000,107,210.0,22.0,120,60.0,7.0,11.0,4.5,22.0,0.0,25.0,9.0,90.0,4.0,12,4.0,0,0.0,2.0,1.0,4.0,0.0,4.0,0.0
1000,107,211.0,32.0,160,80.0,9.0,14.0,6.0,29.0,0.0,35.0,12.0,135.0,6.0,18,6.0,0,0.0,2.0,2.0,6.0,0.0,8.0,0.0
1000,107,212.0,12.0,290,100.0,11.0,17.0,7.0,33.0,0.0,35.0,12.0,125.0,5.0,41,14.0,1,4.0,34.0,8.0,10.0,0.0,25.0,4.0
1000,107,213.0,16.0,350,110.0,13.0,19.0,8.0,38.0,0.0,40.0,13.0,150.0,6.0,50,17.0,1,5.0,43.0,9.0,10.0,0.0,30.0,6.0
1000,107,214.0,22.0,480,150.0,16.0,25.0,10.0,49.0,0.5,50.0,17.0,220.0,9.0,70,23.0,2,8.0,62.0,14.0,15.0,0.0,40.0,8.0
1000,107,215.0,12.0,240,45.0,5.0,8.0,3.0,16.0,0.0,20.0,7.0,125.0,5.0,41,14.0,1,4.0,35.0,8.0,10.0,0.0,25.0,4.0
1000,107,216.0,16.0,290,45.0,5.0,8.0,3.5,17.0,0.0,20.0,7.0,150.0,6.0,50,17.0,1,5.0,43.0,10.0,15.0,0.0,30.0,6.0
1000,107,217.0,22.0,390,50.0,6.0,9.0,3.5,18.0,0.0,25.0,8.0,220.0,9.0,71,24.0,2,8.0,62.0,14.0,20.0,0.0,45.0,8.0
1000,107,218.0,12.0,280,100.0,11.0,17.0,7.0,33.0,0.0,35.0,12.0,140.0,6.0,38,13.0,0,0.0,33.0,8.0,10.0,0.0,25.0,2.0
1000,107,219.0,16.0,340,110.0,13.0,19.0,7.0,37.0,0.0,40.0,13.0,170.0,7.0,46,15.0,1,2.0,41.0,9.0,10.0,0.0,30.0,2.0
1000,107,220.0,22.0,460,150.0,16.0,25.0,10.0,48.0,0.5,50.0,17.0,250.0,10.0,65,22.0,1,3.0,59.0,13.0,15.0,0.0,40.0,4.0
1000,107,221.0,12.0,230,45.0,5.0,8.0,3.0,16.0,0.0,20.0,7.0,140.0,6.0,38,13.0,0,0.0,33.0,8.0,10.0,0.0,25.0,2.0
1000,107,222.0,16.0,270,45.0,5.0,8.0,3.0,16.0,0.0,20.0,7.0,170.0,7.0,47,16.0,1,2.0,41.0,10.0,15.0,0.0,30.0,2.0
1000,107,223.0,22.0,370,50.0,6.0,8.0,3.5,17.0,0.0,25.0,8.0,250.0,10.0,65,22.0,1,3.0,59.0,14.0,20.0,0.0,45.0,4.0
1000,107,224.0,12.0,450,160.0,18.0,28.0,12.0,59.0,1.0,65.0,21.0,125.0,5.0,65,22.0,1,3.0,57.0,7.0,15.0,0.0,20.0,4.0
1000,107,225.0,16.0,550,200.0,22.0,34.0,14.0,71.0,1.0,75.0,25.0,160.0,7.0,80,27.0,1,4.0,71.0,9.0,15.0,0.0,25.0,4.0
1000,107,226.0,22.0,670,240.0,26.0,41.0,17.0,85.0,1.0,90.0,30.0,190.0,8.0,98,33.0,1,4.0,88.0,11.0,20.0,0.0,35.0,4.0
1000,107,227.0,12.0,450,170.0,19.0,29.0,12.0,60.0,1.0,65.0,22.0,125.0,5.0,64,21.0,0,0.0,57.0,7.0,15.0,0.0,25.0,2.0
1000,107,228.0,16.0,550,200.0,23.0,35.0,15.0,73.0,1.0,80.0,27.0,160.0,7.0,79,26.0,0,0.0,71.0,9.0,20.0,0.0,30.0,2.0
1000,107,229.0,22.0,670,250.0,27.0,42.0,17.0,87.0,1.5,95.0,32.0,190.0,8.0,96,32.0,0,0.0,88.0,11.0,20.0,0.0,35.0,2.0
1000,107,230.0,12.0,530,200.0,23.0,35.0,14.0,72.0,1.0,65.0,22.0,135.0,6.0,76,25.0,1,5.0,67.0,8.0,15.0,0.0,25.0,4.0
1000,107,231.0,16.0,630,240.0,26.0,41.0,17.0,85.0,1.0,80.0,26.0,160.0,7.0,91,30.0,1,5.0,81.0,9.0,15.0,0.0,30.0,4.0
1000,107,232.0,22.0,760,280.0,31.0,48.0,20.0,101.0,1.5,95.0,32.0,200.0,8.0,111,37.0,1,5.0,99.0,12.0,20.0,0.0,35.0,6.0
1000,108,233.0,12.0,220,5.0,0.5,1.0,0.0,0.0,0.0,5.0,1.0,40.0,2.0,50,17.0,3,12.0,44.0,2.0,0.0,2.0,6.0,2.0
1000,108,234.0,16.0,260,5.0,1.0,1.0,0.0,0.0,0.0,5.0,1.0,50.0,2.0,62,21.0,4,15.0,54.0,3.0,0.0,4.0,8.0,2.0
1000,108,235.0,22.0,340,10.0,1.0,2.0,0.5,3.0,0.0,5.0,2.0,65.0,3.0,79,26.0,5,19.0,70.0,4.0,0.0,4.0,10.0,2.0
1000,108,236.0,12.0,210,5.0,0.5,1.0,0.0,0.0,0.0,5.0,1.0,50.0,2.0,47,16.0,3,10.0,44.0,3.0,0.0,30.0,8.0,2.0
1000,108,237.0,16.0,250,5.0,1.0,1.0,0.0,0.0,0.0,5.0,1.0,60.0,2.0,58,19.0,3,13.0,54.0,4.0,0.0,35.0,8.0,4.0
1000,108,238.0,22.0,330,10.0,1.0,2.0,0.5,3.0,0.0,5.0,2.0,80.0,3.0,74,25.0,4,16.0,70.0,5.0,0.0,45.0,10.0,4.0
1000,108,239.0,12.0,210,5.0,0.5,1.0,0.0,0.0,0.0,5.0,1.0,40.0,2.0,50,17.0,1,4.0,46.0,2.0,30.0,20.0,8.0,2.0
1000,108,240.0,16.0,260,10.0,1.0,1.0,0.0,0.0,0.0,5.0,1.0,45.0,2.0,61,20.0,1,5.0,56.0,3.0,40.0,25.0,8.0,2.0
1000,108,241.0,22.0,340,10.0,1.0,2.0,0.5,3.0,0.0,5.0,2.0,60.0,3.0,78,26.0,2,6.0,72.0,4.0,50.0,30.0,10.0,2.0
1000,108,242.0,12.0,530,140.0,15.0,24.0,10.0,49.0,1.0,60.0,20.0,160.0,7.0,86,29.0,0,0.0,63.0,11.0,20.0,0.0,40.0,0.0
1000,108,243.0,16.0,660,170.0,19.0,29.0,12.0,61.0,1.0,75.0,24.0,200.0,9.0,109,36.0,0,0.0,81.0,14.0,25.0,0.0,50.0,0.0
1000,108,244.0,22.0,820,210.0,23.0,35.0,15.0,73.0,1.0,90.0,29.0,260.0,11.0,135,45.0,0,0.0,101.0,18.0,30.0,0.0,60.0,0.0
1000,108,245.0,12.0,550,150.0,16.0,25.0,10.0,52.0,1.0,60.0,21.0,160.0,7.0,90,30.0,0,0.0,79.0,12.0,20.0,0.0,40.0,0.0
1000,108,246.0,16.0,690,180.0,20.0,30.0,13.0,63.0,1.0,75.0,25.0,210.0,9.0,114,38.0,0,0.0,100.0,15.0,25.0,0.0,50.0,0.0
1000,108,247.0,22.0,850,210.0,24.0,36.0,15.0,75.0,1.0,90.0,30.0,260.0,11.0,140,47.0,0,0.0,123.0,18.0,30.0,0.0,70.0,0.0
1000,108,248.0,12.0,560,150.0,16.0,25.0,10.0,51.0,1.0,60.0,20.0,240.0,10.0,91,30.0,1,5.0,77.0,12.0,20.0,0.0,40.0,8.0
1000,108,249.0,16.0,700,180.0,20.0,30.0,12.0,62.0,1.0,75.0,24.0,300.0,13.0,114,38.0,2,6.0,97.0,15.0,25.0,0.0,50.0,10.0
1000,108,250.0,22.0,850,210.0,23.0,36.0,15.0,74.0,1.0,85.0,29.0,380.0,16.0,141,47.0,2,8.0,120.0,19.0,30.0,0.0,60.0,15.0
1000,108,251.0,16.0,660,170.0,19.0,29.0,12.0,61.0,1.0,75.0,24.0,210.0,9.0,109,36.0,0,0.0,93.0,14.0,25.0,0.0,50.0,0.0
1000,108,252.0,22.0,820,210.0,23.0,35.0,15.0,73.0,1.0,90.0,29.0,260.0,11.0,135,45.0,0,0.0,115.0,18.0,30.0,0.0,60.0,0.0
1000,108,253.0,10.9,650,210.0,23.0,35.0,14.0,72.0,0.5,50.0,17.0,180.0,7.0,96,32.0,1,6.0,89.0,13.0,15.0,0.0,45.0,8.0
1000,108,254.0,16.2,930,290.0,33.0,50.0,20.0,102.0,1.0,75.0,25.0,260.0,11.0,139,46.0,2,7.0,128.0,20.0,25.0,0.0,70.0,10.0
1000,108,255.0,7.3,430,140.0,15.0,24.0,10.0,48.0,0.0,35.0,11.0,120.0,5.0,64,21.0,1,4.0,59.0,9.0,10.0,0.0,30.0,4.0
1000,108,256.0,10.1,510,150.0,17.0,26.0,9.0,44.0,0.5,45.0,14.0,280.0,12.0,80,27.0,1,4.0,64.0,12.0,15.0,0.0,40.0,8.0
1000,108,257.0,13.4,690,200.0,23.0,35.0,12.0,58.0,1.0,55.0,19.0,380.0,16.0,106,35.0,1,5.0,85.0,15.0,20.0,0.0,50.0,10.0
1000,108,258.0,6.7,340,100.0,11.0,17.0,6.0,29.0,0.0,30.0,9.0,190.0,8.0,53,18.0,1,2.0,43.0,8.0,10.0,0.0,25.0,6.0
1000,108,259.0,14.2,810,290.0,32.0,50.0,15.0,76.0,1.0,60.0,20.0,400.0,17.0,114,38.0,2,9.0,103.0,21.0,20.0,0.0,60.0,6.0
1000,108,260.0,7.1,410,150.0,16.0,25.0,8.0,38.0,0.0,30.0,10.0,200.0,8.0,57,19.0,1,5.0,51.0,10.0,10.0,0.0,30.0,4.0
2000,109,261.0,7.336992,580,,31.0,,10.0,,0.0,60.0,,1260.0,,54,,3,,18.0,21.0,8.0,4.0,4.0,20.0
2000,109,262.0,7.725006,260,,4.0,,1.5,,0.0,30.0,,720.0,,42,,5,,8.0,18.0,30.0,15.0,4.0,15.0
2000,109,263.0,10.017816,530,,26.0,,10.0,,0.5,100.0,,1100.0,,41,,3,,6.0,36.0,40.0,25.0,20.0,20.0
2000,109,264.0,8.254116,330,,7.0,,1.5,,0.0,50.0,,840.0,,43,,3,,9.0,24.0,15.0,20.0,2.0,25.0
2000,109,265.0,7.23117,290,,5.0,,1.0,,0.0,50.0,,720.0,,39,,2,,6.0,23.0,10.0,10.0,0.0,25.0
2000,109,266.0,8.254116,340,,9.0,,1.0,,0.0,50.0,,880.0,,42,,3,,7.0,24.0,10.0,15.0,0.0,25.0
2000,109,267.0,7.866102,450,,25.0,,4.5,,0.0,40.0,,610.0,,38,,2,,5.0,19.0,15.0,15.0,0.0,20.0
2000,109,268.0,7.513362,320,,12.0,,3.5,,0.0,45.0,,1060.0,,40,,2,,5.0,16.0,15.0,15.0,6.0,20.0
2000,109,269.0,7.336992,430,,23.0,,8.0,,0.0,60.0,,1180.0,,40,,2,,5.0,18.0,15.0,25.0,4.0,20.0
2000,109,270.0,7.513362,380,,17.0,,6.0,,0.0,50.0,,1100.0,,40,,3,,5.0,19.0,15.0,20.0,4.0,20.0
2000,109,271.0,7.23117,420,,18.0,,7.0,,1.0,40.0,,1040.0,,47,,4,,7.0,19.0,10.0,10.0,6.0,20.0
2000,109,272.0,2.186988,150,,4.5,,2.0,,0.0,20.0,,470.0,,18,,1,,1.0,8.0,2.0,0.0,4.0,6.0
2000,109,273.0,2.257536,230,,14.0,,5.0,,0.0,30.0,,690.0,,18,,1,,2.0,8.0,2.0,6.0,4.0,8.0
2000,109,274.0,2.257536,170,,7.0,,2.0,,0.0,15.0,,430.0,,19,,1,,2.0,7.0,2.0,4.0,2.0,6.0
2000,109,275.0,2.504454,200,,10.0,,2.5,,0.0,25.0,,490.0,,18,,1,,1.0,9.0,8.0,0.0,4.0,6.0
2000,109,276.0,10.300008,550,,27.0,,9.0,,0.0,95.0,,1230.0,,43,,5,,7.0,34.0,25.0,25.0,20.0,20.0
2000,109,277.0,7.93665,490,,25.0,,7.0,,0.0,70.0,,1330.0,,40,,2,,6.0,27.0,15.0,10.0,6.0,20.0
2000,109,278.0,7.619184,600,,35.0,,14.0,,1.0,80.0,,1330.0,,42,,3,,6.0,31.0,30.0,8.0,20.0,20.0
2000,109,279.0,8.218842,260,,3.5,,1.0,,0.0,45.0,,520.0,,40,,5,,7.0,23.0,30.0,20.0,4.0,15.0
2000,109,280.0,9.241788,570,,30.0,,16.0,,0.5,70.0,,720.0,,48,,3,,7.0,29.0,25.0,20.0,4.0,40.0
2000,109,281.0,8.218842,280,,4.5,,1.5,,0.0,45.0,,630.0,,40,,6,,7.0,25.0,30.0,15.0,2.0,20.0
2000,109,282.0,8.712678,310,,6.0,,2.5,,0.0,55.0,,520.0,,40,,5,,7.0,28.0,30.0,15.0,2.0,15.0
2000,109,283.0,7.336992,450,,24.0,,9.0,,0.0,60.0,,1240.0,,40,,3,,5.0,18.0,15.0,25.0,4.0,20.0
2000,109,284.0,5.679114,340,,10.0,,4.5,,0.0,50.0,,1060.0,,39,,2,,5.0,22.0,6.0,8.0,6.0,20.0
2000,109,285.0,8.46576,280,,4.0,,1.0,,0.0,45.0,,780.0,,41,,5,,7.0,25.0,30.0,15.0,4.0,20.0
2000,109,286.0,9.34761,320,,4.0,,1.0,,0.0,50.0,,720.0,,52,,5,,16.0,25.0,30.0,20.0,4.0,15.0
2000,109,287.0,18.025014,780,,27.0,,6.0,,0.0,90.0,,2200.0,,87,,9,,11.0,49.0,30.0,45.0,10.0,35.0
2000,109,288.0,7.725006,250,,3.0,,0.5,,0.0,30.0,,690.0,,41,,5,,6.0,20.0,30.0,15.0,4.0,15.0
2000,109,289.0,9.559254,720,,45.0,,19.0,,1.5,80.0,,1520.0,,51,,6,,8.0,30.0,45.0,10.0,30.0,25.0
2000,109,290.0,6.70206,730,,52.0,,21.0,,1.0,105.0,,1720.0,,40,,3,,3.0,28.0,30.0,15.0,25.0,20.0
2000,109,291.0,5.714388,190,,2.0,,0.5,,0.0,0.0,,240.0,,39,,5,,6.0,9.0,30.0,15.0,2.0,15.0
2000,110,292.0,13.897956,440,,30.0,,10.0,,0.0,60.0,,910.0,,28,,5,,20.0,17.0,70.0,40.0,8.0,15.0
2000,110,293.0,12.134256,120,,3.0,,1.0,,0.0,30.0,,550.0,,12,,4,,6.0,13.0,70.0,35.0,6.0,10.0
2000,110,294.0,15.16782,460,,33.0,,11.0,,0.5,105.0,,1000.0,,13,,4,,7.0,32.0,80.0,45.0,20.0,15.0
2000,110,295.0,12.416447999999999,180,,11.0,,3.5,,0.0,45.0,,830.0,,12,,4,,5.0,12.0,70.0,35.0,8.0,15.0
2000,110,296.0,12.416447999999999,240,,15.0,,6.0,,0.0,50.0,,870.0,,12,,4,,5.0,14.0,70.0,45.0,6.0,15.0
2000,110,297.0,15.061997999999999,290,,16.0,,6.0,,1.0,40.0,,780.0,,22,,7,,9.0,15.0,80.0,45.0,10.0,20.0
2000,110,298.0,12.663366,120,,2.5,,0.5,,0.0,45.0,,350.0,,10,,4,,5.0,17.0,70.0,35.0,6.0,8.0
2000,110,299.0,12.663366,140,,3.5,,1.0,,0.0,45.0,,460.0,,10,,4,,5.0,19.0,70.0,35.0,4.0,20.0
2000,110,300.0,13.157202,170,,5.0,,2.0,,0.0,55.0,,360.0,,10,,4,,5.0,23.0,70.0,35.0,4.0,10.0
2000,110,301.0,25.996938,780,,53.0,,15.0,,1.0,180.0,,1750.0,,25,,11,,11.0,54.0,80.0,70.0,30.0,20.0
2000,110,302.0,12.240078,300,,23.0,,8.0,,0.0,60.0,,1000.0,,12,,4,,5.0,14.0,70.0,50.0,6.0,15.0
2000,110,303.0,13.05138,200,,9.0,,4.5,,0.0,50.0,,830.0,,13,,4,,7.0,19.0,70.0,35.0,10.0,15.0
2000,110,304.0,21.51714,480,,26.0,,10.0,,0.5,120.0,,2050.0,,21,,6,,9.0,44.0,110.0,60.0,20.0,25.0
2000,110,305.0,12.910284,140,,3.0,,1.0,,0.0,45.0,,610.0,,11,,4,,5.0,19.0,70.0,35.0,6.0,15.0
2000,110,306.0,14.427066,210,,3.0,,0.5,,0.0,50.0,,620.0,,30,,4,,21.0,19.0,70.0,40.0,6.0,15.0
2000,110,307.0,12.769188,310,,24.0,,4.0,,0.0,40.0,,370.0,,10,,4,,5.0,15.0,70.0,35.0,4.0,15.0
2000,110,308.0,12.134256,110,,2.0,,0.0,,0.0,30.0,,520.0,,11,,4,,5.0,14.0,70.0,35.0,6.0,10.0
2000,110,309.0,10.158912,50,,1.0,,0.0,,0.0,0.0,,75.0,,9,,4,,5.0,3.0,70.0,35.0,4.0,8.0
2000,100,310.0,6.984252,450,,20.0,,7.0,,0.0,190.0,,1200.0,,45,,4,,4.0,24.0,20.0,6.0,10.0,15.0
2000,100,311.0,7.478088,410,,16.0,,5.0,,0.0,185.0,,1180.0,,45,,4,,4.0,24.0,20.0,0.0,10.0,15.0
2000,100,312.0,6.455142,380,,15.0,,4.5,,0.0,170.0,,950.0,,44,,4,,3.0,19.0,20.0,0.0,10.0,15.0
2000,100,313.0,7.971924,440,,18.0,,6.0,,0.0,195.0,,1270.0,,46,,4,,4.0,27.0,20.0,0.0,10.0,20.0
2000,111,314.0,0.52911,70,,6.0,,2.0,,0.0,15.0,,250.0,,1,,0,,1.0,5.0,0.0,6.0,0.0,0.0
2000,111,315.0,1.798974,210,,6.0,,3.0,,0.0,10.0,,65.0,,37,,0,,26.0,2.0,0.0,0.0,0.0,6.0
2000,111,316.0,1.58733,210,,10.0,,5.0,,0.0,10.0,,120.0,,29,,1,,18.0,2.0,10.0,0.0,0.0,10.0
2000,111,317.0,1.58733,210,,10.0,,5.0,,0.0,15.0,,100.0,,30,,1,,18.0,2.0,0.0,0.0,0.0,6.0
2000,111,318.0,1.58733,210,,10.0,,5.0,,0.0,10.0,,100.0,,30,,1,,17.0,2.0,0.0,0.0,0.0,8.0
2000,111,319.0,1.657878,200,,8.0,,4.0,,0.0,0.0,,100.0,,33,,1,,24.0,2.0,10.0,0.0,0.0,8.0
2000,111,320.0,1.58733,210,,9.0,,5.0,,0.0,15.0,,130.0,,30,,1,,20.0,2.0,10.0,0.0,0.0,10.0
2000,111,321.0,1.58733,200,,8.0,,3.5,,0.0,15.0,,130.0,,30,,1,,16.0,3.0,0.0,0.0,0.0,6.0
2000,111,322.0,0.634932,80,,7.0,,2.5,,0.0,20.0,,300.0,,1,,0,,0.0,3.0,0.0,4.0,0.0,0.0
2000,111,323.0,1.58733,200,,9.0,,4.5,,0.0,15.0,,120.0,,29,,0,,16.0,2.0,10.0,0.0,0.0,4.0
2000,111,324.0,1.657878,230,,11.0,,6.0,,0.0,10.0,,100.0,,31,,0,,20.0,2.0,0.0,0.0,0.0,4.0
2000,111,325.0,1.58733,230,,12.0,,6.0,,0.0,15.0,,130.0,,28,,1,,14.0,2.0,0.0,0.0,0.0,4.0
2000,111,326.0,1.58733,220,,11.0,,5.0,,0.0,15.0,,130.0,,28,,1,,17.0,2.0,10.0,0.0,0.0,6.0
2000,112,327.0,12.381174,1080,,65.0,,23.0,,0.0,115.0,,2560.0,,86,,5,,32.0,38.0,10.0,8.0,15.0,30.0
2000,112,328.0,10.829118,440,,12.0,,5.0,,0.0,55.0,,1680.0,,57,,4,,5.0,29.0,30.0,25.0,10.0,25.0
2000,112,329.0,27.266802,1590,,78.0,,30.0,,1.5,335.0,,3930.0,,111,,7,,11.0,118.0,50.0,90.0,50.0,50.0
2000,112,330.0,13.439394,710,,33.0,,12.0,,1.0,95.0,,2170.0,,63,,7,,7.0,41.0,20.0,30.0,20.0,30.0
2000,112,331.0,11.076036,560,,27.0,,10.0,,0.5,90.0,,2230.0,,57,,3,,4.0,27.0,15.0,30.0,15.0,30.0
2000,112,332.0,13.22775,820,,35.0,,8.0,,0.0,5.0,,2440.0,,114,,7,,5.0,15.0,30.0,70.0,15.0,45.0
2000,112,333.0,11.076036,680,,37.0,,14.0,,0.0,105.0,,2310.0,,57,,4,,4.0,32.0,15.0,40.0,10.0,25.0
2000,112,334.0,13.439394,770,,39.0,,16.0,,2.0,75.0,,2160.0,,75,,8,,10.0,34.0,20.0,35.0,20.0,35.0
2000,112,335.0,12.733914,790,,31.0,,7.0,,0.0,5.0,,2540.0,,113,,7,,4.0,15.0,6.0,60.0,15.0,40.0
2000,112,336.0,11.81679,460,,11.0,,4.0,,0.0,85.0,,1350.0,,53,,3,,4.0,38.0,30.0,20.0,10.0,20.0
2000,112,337.0,11.81679,490,,13.0,,5.0,,0.0,90.0,,1560.0,,53,,4,,4.0,42.0,30.0,15.0,10.0,35.0
2000,112,338.0,12.839736,550,,16.0,,7.0,,0.0,115.0,,1350.0,,53,,3,,3.0,49.0,30.0,15.0,10.0,25.0
2000,112,339.0,12.628092,680,,30.0,,12.0,,0.0,135.0,,1590.0,,52,,3,,3.0,53.0,20.0,6.0,20.0,25.0
2000,112,340.0,10.970214,820,,52.0,,20.0,,1.0,125.0,,2580.0,,57,,4,,3.0,31.0,30.0,60.0,15.0,30.0
2000,112,341.0,12.310626,490,,12.0,,5.0,,0.0,85.0,,1860.0,,56,,4,,4.0,42.0,30.0,15.0,10.0,30.0
2000,112,342.0,13.439394,540,,12.0,,4.5,,0.0,100.0,,1600.0,,70,,4,,14.0,42.0,30.0,35.0,10.0,25.0
2000,112,343.0,11.81679,820,,54.0,,11.0,,0.5,75.0,,1330.0,,53,,3,,3.0,33.0,15.0,25.0,10.0,30.0
2000,112,344.0,10.829118,430,,10.0,,3.5,,0.0,55.0,,1680.0,,56,,3,,3.0,32.0,30.0,15.0,10.0,25.0
2000,112,345.0,13.086654,760,,37.0,,11.0,,0.0,105.0,,2480.0,,61,,6,,4.0,47.0,15.0,35.0,25.0,25.0
2000,112,346.0,10.05309,330,,8.0,,3.5,,0.0,0.0,,800.0,,55,,5,,5.0,10.0,60.0,30.0,10.0,20.0
2000,113,347.0,2.64555,210,,2.5,,0.0,,0.0,0.0,,1230.0,,41,,2,,4.0,7.0,8.0,40.0,2.0,15.0
2000,113,348.0,2.64555,190,,2.0,,0.0,,0.0,0.0,,270.0,,39,,4,,5.0,8.0,0.0,0.0,0.0,10.0
2000,113,349.0,2.504454,180,,1.5,,0.0,,0.0,0.0,,230.0,,36,,4,,5.0,8.0,0.0,0.0,0.0,10.0
2000,113,350.0,3.068838,220,,4.0,,0.5,,0.0,0.0,,330.0,,41,,4,,3.0,8.0,0.0,0.0,0.0,10.0
2000,113,351.0,2.64555,210,,2.5,,0.5,,0.0,0.0,,340.0,,40,,2,,3.0,7.0,0.0,0.0,0.0,15.0
2000,113,352.0,2.29281,180,,2.0,,0.0,,0.0,0.0,,310.0,,34,,1,,3.0,6.0,0.0,0.0,0.0,10.0
2000,113,353.0,2.680824,220,,4.5,,2.0,,0.0,10.0,,500.0,,37,,2,,3.0,9.0,4.0,0.0,6.0,15.0
2000,113,354.0,2.786646,220,,5.0,,2.0,,0.0,10.0,,660.0,,37,,2,,3.0,9.0,4.0,0.0,6.0,15.0
2000,113,355.0,1.657878,120,,1.0,,0.0,,0.0,0.0,,180.0,,24,,3,,2.0,5.0,0.0,0.0,0.0,8.0
2000,113,356.0,1.657878,130,,1.5,,0.0,,0.0,0.0,,230.0,,25,,1,,2.0,5.0,0.0,0.0,0.0,8.0
2000,113,357.0,2.64555,220,,5.0,,2.5,,0.0,10.0,,370.0,,34,,1,,3.0,9.0,4.0,0.0,6.0,10.0
2000,113,358.0,2.398632,190,,2.5,,0.0,,0.0,0.0,,460.0,,37,,2,,3.0,7.0,0.0,0.0,0.0,15.0
2000,113,359.0,2.64555,220,,3.0,,0.5,,0.0,0.0,,490.0,,40,,2,,3.0,7.0,0.0,0.0,0.0,15.0
2000,113,360.0,3.597948,290,,8.0,,3.5,,0.0,0.0,,780.0,,48,,2,,1.0,8.0,0.0,0.0,10.0,15.0
2000,113,361.0,3.597948,290,,8.0,,3.5,,0.0,0.0,,730.0,,49,,2,,1.0,8.0,0.0,10.0,8.0,15.0
2000,114,362.0,0.38801399999999997,40,,3.5,,2.0,,0.0,10.0,,210.0,,1,,0,,0.0,2.0,4.0,0.0,4.0,0.0
2000,114,363.0,0.493836,60,,4.5,,2.5,,0.0,15.0,,90.0,,0,,0,,0.0,4.0,6.0,0.0,8.0,0.0
2000,114,364.0,0.493836,50,,4.5,,3.0,,0.0,15.0,,90.0,,0,,0,,0.0,3.0,6.0,0.0,8.0,0.0
2000,114,365.0,0.38801399999999997,50,,4.0,,2.5,,0.0,15.0,,140.0,,0,,0,,0.0,2.0,6.0,0.0,8.0,0.0
2000,114,366.0,0.493836,50,,4.0,,2.0,,0.0,10.0,,125.0,,0,,0,,0.0,4.0,4.0,0.0,8.0,0.0
2000,114,367.0,0.493836,40,,3.0,,2.0,,0.0,10.0,,100.0,,0,,0,,0.0,3.0,4.0,0.0,6.0,0.0
2000,114,368.0,0.493836,50,,4.5,,2.5,,0.0,15.0,,30.0,,0,,0,,0.0,4.0,4.0,0.0,10.0,0.0
2000,115,369.0,0.52911,70,,6.0,,2.0,,0.0,15.0,,250.0,,1,,0,,1.0,5.0,0.0,0.0,0.0,0.0
2000,115,370.0,1.23459,60,,5.0,,0.5,,0.0,0.0,,95.0,,4,,2,,0.0,1.0,0.0,2.0,0.0,0.0
2000,115,371.0,0.634932,80,,7.0,,2.5,,0.0,20.0,,290.0,,1,,0,,0.0,3.0,0.0,4.0,0.0,0.0
2000,116,372.0,0.493836,60,,7.0,,1.0,,0.0,5.0,,110.0,,1,,0,,1.0,0.0,0.0,0.0,0.0,0.0
2000,116,373.0,0.493836,20,,0.0,,0.0,,0.0,0.0,,80.0,,4,,0,,4.0,0.0,0.0,0.0,0.0,0.0
2000,116,374.0,0.52911,50,,5.0,,1.0,,0.0,5.0,,100.0,,1,,0,,0.0,0.0,0.0,0.0,0.0,0.0
2000,116,375.0,0.17637,45,,5.0,,1.0,,0.0,0.0,,0.0,,0,,0,,0.0,0.0,0.0,0.0,0.0,0.0
2000,116,376.0,0.493836,70,,8.0,,1.5,,0.0,5.0,,140.0,,1,,0,,1.0,0.0,0.0,0.0,0.0,0.0
2000,116,377.0,0.141096,0,,0.0,,0.0,,0.0,0.0,,0.0,,0,,0,,0.0,0.0,0.0,0.0,0.0,0.0
2000,116,378.0,0.493836,100,,11.0,,2.0,,0.0,10.0,,65.0,,0,,0,,0.0,0.0,0.0,0.0,0.0,0.0
2000,116,379.0,0.493836,80,,9.0,,1.5,,0.0,5.0,,130.0,,0,,0,,0.0,0.0,0.0,0.0,0.0,0.0
2000,116,380.0,0.493836,15,,1.0,,0.0,,0.0,0.0,,260.0,,1,,0,,0.0,0.0,0.0,0.0,0.0,25.0
2000,116,381.0,0.493836,35,,3.5,,0.5,,0.0,0.0,,110.0,,1,,0,,1.0,0.0,0.0,0.0,0.0,0.0
2000,116,382.0,0.634932,30,,0.0,,0.0,,0.0,0.0,,75.0,,8,,0,,7.0,0.0,0.0,0.0,0.0,0.0
2000,116,383.0,0.493836,10,,0.5,,0.0,,0.0,0.0,,170.0,,1,,0,,0.0,0.0,0.0,0.0,0.0,0.0
2000,117,384.0,0.141096,0,,0.0,,0.0,,0.0,0.0,,65.0,,0,,0,,0.0,0.0,0.0,6.0,0.0,0.0
2000,117,385.0,0.105822,0,,0.0,,0.0,,0.0,0.0,,25.0,,0,,0,,0.0,0.0,0.0,0.0,0.0,0.0
2000,117,386.0,0.493836,0,,0.0,,0.0,,0.0,0.0,,0.0,,1,,0,,0.0,0.0,0.0,0.0,0.0,0.0
2000,117,387.0,0.246918,0,,0.0,,0.0,,0.0,0.0,,0.0,,0,,0,,0.0,0.0,0.0,6.0,0.0,0.0
2000,117,388.0,0.141096,0,,0.0,,0.0,,0.0,0.0,,70.0,,0,,0,,0.0,0.0,0.0,0.0,0.0,0.0
2000,117,389.0,0.740754,0,,0.0,,0.0,,0.0,0.0,,0.0,,0,,0,,0.0,0.0,2.0,0.0,0.0,0.0
2000,117,390.0,0.317466,0,,0.0,,0.0,,0.0,0.0,,115.0,,0,,0,,0.0,0.0,0.0,0.0,0.0,0.0
2000,117,391.0,0.246918,0,,0.0,,0.0,,0.0,0.0,,0.0,,1,,0,,0.0,0.0,0.0,0.0,0.0,0.0
2000,117,392.0,0.246918,0,,0.0,,0.0,,0.0,0.0,,5.0,,0,,0,,0.0,0.0,15.0,2.0,0.0,0.0
2000,117,393.0,1.23459,5,,0.0,,0.0,,0.0,0.0,,0.0,,1,,0,,1.0,0.0,10.0,4.0,0.0,0.0
2000,118,394.0,0.52911,70,,6.0,,2.0,,0.0,15.0,,250.0,,1,,0,,1.0,5.0,0.0,6.0,0.0,0.0
2000,119,395.0,0.035274,5,,0.0,,0.0,,0.0,0.0,,25.0,,0,,0,,0.0,1.0,0.0,0.0,0.0,0.0
3000,120,396.0,,3,,0.1,,0.0,,0.0,0.0,,0.0,,5,,0,,0.0,0.3,0.0,0.0,0.0,0.0
3000,120,397.0,,4,,0.1,,0.0,,0.0,0.0,,0.0,,10,,0,,0.0,0.5,0.0,0.0,0.0,0.0
3000,120,398.0,,5,,0.1,,0.0,,0.0,0.0,,0.0,,10,,0,,0.0,1.0,0.0,0.0,0.0,0.0
3000,120,399.0,,5,,0.1,,0.0,,0.0,0.0,,0.0,,10,,0,,0.0,1.0,0.0,0.0,2.0,0.0
3000,121,400.0,,70,,0.1,,0.0,,0.1,10.0,,5.0,,75,,0,,9.0,6.0,10.0,0.0,20.0,0.0
3000,121,401.0,,100,,3.5,,0.1,,2.0,10.0,,15.0,,85,,0,,9.0,6.0,10.0,0.0,20.0,0.0
3000,121,402.0,,70,,2.5,,0.0,,0.4,6.0,,0.0,,65,,1,,4.0,5.0,6.0,0.0,20.0,8.0
3000,121,403.0,,100,,0.2,,0.0,,0.2,15.0,,5.0,,120,,0,,14.0,10.0,15.0,0.0,30.0,0.0
3000,121,404.0,,150,,6,,0.2,,3.0,15.0,,25.0,,135,,0,,14.0,10.0,15.0,0.0,30.0,0.0
3000,121,405.0,,110,,4.5,,0.0,,0.5,10.0,,0.0,,105,,1,,6.0,8.0,10.0,0.0,30.0,15.0
3000,121,406.0,,130,,0.3,,0.0,,0.2,19.0,,5.0,,150,,0,,18.0,13.0,20.0,0.0,40.0,0.0
3000,121,407.0,,190,,7,,0.2,,3.5,19.0,,30.0,,170,,0,,17.0,12.0,20.0,2.0,40.0,0.0
3000,121,408.0,,150,,5,,0.0,,0.5,13.0,,0.0,,130,,1,,8.0,10.0,15.0,0.0,40.0,15.0
3000,121,409.0,,170,,0.4,,0.0,,0.3,25.0,,10.0,,190,,0,,23.0,16.0,30.0,0.0,50.0,0.0
3000,121,410.0,,240,,9,,0.3,,4.5,24.0,,35.0,,220,,0,,22.0,16.0,25.0,2.0,50.0,0.0
3000,121,411.0,,190,,7,,0.0,,1.0,16.0,,0.0,,170,,2,,11.0,13.0,20.0,0.0,50.0,25.0
3000,121,412.0,,110,,1.5,,0.0,,1.0,21.0,,5.0,,60,,1,,17.0,7.0,8.0,0.0,15.0,10.0
3000,121,413.0,,130,,4,,0.1,,2.0,21.0,,10.0,,70,,1,,17.0,6.0,8.0,0.0,15.0,10.0
3000,121,414.0,,110,,3.5,,0.0,,1.0,19.0,,0.0,,55,,2,,13.0,6.0,6.0,0.0,15.0,20.0
3000,121,415.0,,170,,2,,0.0,,1.0,32.0,,5.0,,100,,1,,27.0,10.0,15.0,0.0,25.0,20.0
3000,121,416.0,,200,,6,,0.1,,3.5,32.0,,20.0,,115,,1,,26.0,10.0,15.0,0.0,25.0,20.0
3000,121,417.0,,180,,5,,0.0,,1.5,28.0,,0.0,,85,,2,,20.0,9.0,10.0,0.0,25.0,30.0
3000,121,418.0,,220,,2.5,,0.0,,1.5,43.0,,5.0,,125,,2,,34.0,13.0,20.0,0.0,35.0,25.0
3000,121,419.0,,260,,8,,0.2,,4.5,42.0,,25.0,,140,,2,,34.0,13.0,15.0,2.0,35.0,25.0
3000,121,420.0,,230,,7,,0.0,,2.0,37.0,,0.0,,105,,3,,26.0,11.0,10.0,0.0,35.0,40.0
3000,121,421.0,,280,,3,,0.0,,2.0,54.0,,10.0,,160,,2,,44.0,17.0,25.0,0.0,45.0,30.0
3000,121,422.0,,340,,11,,0.2,,6.0,53.0,,30.0,,180,,2,,43.0,17.0,20.0,2.0,45.0,30.0
3000,121,423.0,,290,,9,,0.0,,2.5,47.0,,0.0,,140,,4,,33.0,14.0,15.0,0.0,45.0,50.0
3000,121,424.0,,100,,0.1,,0.0,,0.1,19.0,,5.0,,70,,0,,18.0,6.0,10.0,0.0,20.0,0.0
3000,121,425.0,,130,,3.5,,0.1,,1.5,18.0,,15.0,,80,,0,,17.0,6.0,10.0,0.0,20.0,0.0
3000,121,426.0,,110,,2.5,,0.0,,0.3,16.0,,0.0,,60,,1,,13.0,5.0,6.0,0.0,20.0,8.0
3000,121,427.0,,150,,0.2,,0.0,,0.1,28.0,,5.0,,110,,0,,27.0,9.0,15.0,0.0,30.0,0.0
3000,121,428.0,,200,,5,,0.2,,2.5,28.0,,20.0,,125,,0,,27.0,9.0,15.0,0.0,30.0,0.0
3000,121,429.0,,160,,4,,0.0,,0.5,23.0,,0.0,,95,,1,,20.0,7.0,10.0,0.0,30.0,15.0
3000,121,430.0,,200,,0.3,,0.0,,0.2,37.0,,5.0,,140,,0,,35.0,12.0,20.0,0.0,35.0,0.0
3000,121,431.0,,250,,6,,0.2,,3.5,37.0,,25.0,,150,,0,,35.0,12.0,20.0,2.0,35.0,0.0
3000,121,432.0,,210,,5,,0.0,,0.5,31.0,,0.0,,120,,1,,26.0,9.0,10.0,0.0,35.0,15.0
3000,121,433.0,,250,,0.3,,0.0,,0.2,47.0,,10.0,,180,,0,,45.0,15.0,25.0,0.0,50.0,0.0
3000,121,434.0,,320,,9,,0.3,,4.5,46.0,,35.0,,200,,0,,44.0,15.0,25.0,2.0,45.0,0.0
3000,121,435.0,,270,,7,,0.0,,1.0,39.0,,0.0,,160,,2,,33.0,12.0,15.0,0.0,45.0,20.0
3000,121,436.0,,5,,0,,0.0,,0.0,1.0,,0.0,,5,,0,,0.0,0.4,0.0,0.0,0.0,0.0
3000,121,437.0,,10,,0,,0.0,,0.0,2.0,,0.0,,10,,0,,0.0,1.0,0.0,0.0,2.0,0.0
3000,121,438.0,,15,,0,,0.0,,0.0,3.0,,0.0,,15,,0,,0.0,1.0,0.0,0.0,2.0,0.0
3000,121,439.0,,25,,0,,0.0,,0.0,4.0,,0.0,,15,,0,,0.0,1.0,0.0,0.0,2.0,0.0
3000,121,440.0,,50,,0.1,,0.0,,0.1,8.0,,5.0,,60,,0,,7.0,5.0,8.0,0.0,15.0,0.0
3000,121,441.0,,80,,3,,0.1,,1.5,8.0,,10.0,,70,,0,,7.0,5.0,8.0,0.0,15.0,0.0
3000,121,442.0,,50,,1.5,,0.0,,0.2,4.0,,0.0,,40,,0,,3.0,3.0,4.0,0.0,10.0,6.0
3000,121,443.0,,60,,0.1,,0.0,,0.1,9.0,,5.0,,70,,0,,8.0,6.0,10.0,0.0,20.0,0.0
3000,121,444.0,,90,,3.5,,0.1,,1.5,9.0,,15.0,,80,,0,,8.0,6.0,10.0,0.0,20.0,0.0
3000,121,445.0,,70,,3,,0.0,,0.4,7.0,,0.0,,65,,1,,4.0,5.0,6.0,0.0,20.0,8.0
3000,121,446.0,,80,,0.2,,0.0,,0.1,12.0,,5.0,,90,,0,,10.0,8.0,15.0,0.0,25.0,0.0
3000,121,447.0,,120,,4,,0.1,,2.0,12.0,,15.0,,100,,0,,10.0,8.0,10.0,0.0,25.0,0.0
3000,121,448.0,,100,,3.5,,0.0,,0.4,9.0,,0.0,,80,,1,,5.0,7.0,8.0,0.0,25.0,10.0
3000,121,449.0,,110,,0.2,,0.0,,0.2,16.0,,5.0,,120,,0,,14.0,10.0,20.0,0.0,30.0,0.0
3000,121,450.0,,150,,6,,0.2,,3.0,16.0,,25.0,,135,,0,,14.0,10.0,15.0,0.0,30.0,0.0
3000,121,451.0,,120,,4.5,,0.0,,0.5,11.0,,0.0,,110,,1,,7.0,9.0,10.0,0.0,35.0,15.0
3000,121,452.0,,5,,0,,0.0,,0.0,1.0,,0.0,,0,,0,,0.0,0.4,0.0,0.0,0.0,0.0
3000,121,453.0,,10,,0,,0.0,,0.0,2.0,,0.0,,1,,0,,0.0,1.0,0.0,0.0,0.0,0.0
3000,121,454.0,,60,,0.1,,0.0,,0.1,9.0,,5.0,,80,,0,,8.0,6.0,10.0,0.0,20.0,0.0
3000,121,455.0,,100,,0.2,,0.0,,0.1,14.0,,5.0,,125,,0,,13.0,9.0,15.0,0.0,30.0,0.0
3000,121,456.0,,120,,0.3,,0.0,,0.2,18.0,,5.0,,160,,0,,16.0,12.0,20.0,0.0,35.0,0.0
3000,121,457.0,,160,,0.3,,0.0,,0.2,24.0,,10.0,,200,,0,,21.0,15.0,25.0,0.0,50.0,0.0
3000,122,458.0,,100,,1,,0.0,,0.5,17.0,,5.0,,70,,0,,15.0,6.0,10.0,0.0,15.0,0.0
3000,122,459.0,,120,,4,,0.1,,2.0,16.0,,15.0,,80,,0,,15.0,5.0,10.0,0.0,15.0,0.0
3000,122,460.0,,100,,3,,0.0,,1.0,14.0,,0.0,,60,,1,,11.0,4.0,6.0,0.0,15.0,8.0
3000,122,461.0,,140,,1,,0.0,,0.5,25.0,,5.0,,105,,0,,24.0,8.0,15.0,0.0,25.0,0.0
3000,122,462.0,,180,,5,,0.1,,3.0,25.0,,20.0,,115,,0,,23.0,8.0,15.0,0.0,25.0,0.0
3000,122,463.0,,150,,4.5,,0.0,,1.0,21.0,,0.0,,90,,1,,17.0,7.0,10.0,0.0,25.0,10.0
3000,122,464.0,,190,,1,,0.0,,1.0,35.0,,10.0,,130,,0,,32.0,11.0,20.0,0.0,35.0,0.0
3000,122,465.0,,240,,7,,0.2,,3.5,34.0,,25.0,,150,,0,,32.0,10.0,15.0,2.0,30.0,0.0
3000,122,466.0,,200,,5,,0.0,,1.0,29.0,,5.0,,115,,1,,24.0,9.0,10.0,0.0,35.0,15.0
3000,122,467.0,,240,,1,,0.0,,1.0,43.0,,10.0,,170,,0,,41.0,13.0,25.0,0.0,40.0,0.0
3000,122,468.0,,300,,8,,0.2,,4.5,43.0,,35.0,,180,,0,,40.0,13.0,20.0,2.0,40.0,0.0
3000,122,469.0,,250,,7,,0.0,,1.5,36.0,,5.0,,140,,1,,31.0,11.0,15.0,0.0,40.0,20.0
3000,122,470.0,,180,,3,,0.0,,2.0,31.0,,5.0,,120,,0,,29.0,7.0,10.0,0.0,25.0,0.0
3000,122,471.0,,200,,6,,0.1,,3.5,31.0,,15.0,,125,,0,,29.0,7.0,8.0,2.0,25.0,0.0
3000,122,472.0,,180,,5,,0.0,,2.5,28.0,,0.0,,110,,1,,25.0,6.0,6.0,0.0,25.0,8.0
3000,122,473.0,,270,,4.5,,0.0,,3.5,47.0,,5.0,,190,,0,,45.0,12.0,15.0,2.0,35.0,0.0
3000,122,474.0,,310,,9,,0.1,,6.0,46.0,,20.0,,200,,0,,44.0,11.0,15.0,2.0,35.0,0.0
3000,122,475.0,,280,,8,,0.0,,3.5,42.0,,0.0,,170,,1,,39.0,10.0,10.0,2.0,35.0,10.0
3000,122,476.0,,350,,6,,0.0,,4.5,61.0,,10.0,,240,,0,,58.0,15.0,20.0,2.0,45.0,2.0
3000,122,477.0,,400,,11,,0.2,,7.0,61.0,,25.0,,250,,0,,58.0,15.0,15.0,2.0,45.0,0.0
3000,122,478.0,,370,,10,,0.0,,5.0,56.0,,0.0,,220,,1,,51.0,13.0,10.0,2.0,45.0,15.0
3000,122,479.0,,450,,7,,0.0,,6.0,78.0,,10.0,,310,,0,,74.0,19.0,25.0,2.0,60.0,2.0
3000,122,480.0,,510,,15,,0.2,,9.0,77.0,,35.0,,330,,0,,74.0,19.0,20.0,4.0,60.0,2.0
3000,122,481.0,,460,,13,,0.0,,6.0,70.0,,5.0,,290,,1,,64.0,16.0,15.0,2.0,60.0,20.0
3000,122,482.0,,130,,1.5,,0.0,,1.0,26.0,,5.0,,70,,1,,23.0,7.0,10.0,0.0,20.0,10.0
3000,122,483.0,,150,,4.5,,0.1,,2.5,26.0,,15.0,,80,,1,,22.0,7.0,10.0,0.0,20.0,10.0
3000,122,484.0,,130,,3.5,,0.0,,1.0,23.0,,0.0,,60,,2,,18.0,6.0,6.0,0.0,20.0,20.0
3000,122,485.0,,190,,2,,0.0,,1.0,37.0,,5.0,,110,,1,,32.0,11.0,15.0,0.0,30.0,20.0
3000,122,486.0,,230,,7,,0.2,,3.5,37.0,,20.0,,120,,1,,32.0,10.0,15.0,0.0,30.0,20.0
3000,122,487.0,,200,,6,,0.0,,1.5,32.0,,0.0,,95,,2,,25.0,9.0,10.0,0.0,30.0,30.0
3000,122,488.0,,240,,2.5,,0.0,,1.5,48.0,,5.0,,140,,2,,41.0,14.0,20.0,0.0,40.0,25.0
3000,122,489.0,,290,,9,,0.2,,5.0,47.0,,25.0,,160,,2,,41.0,14.0,20.0,2.0,40.0,25.0
3000,122,490.0,,250,,7,,0.0,,2.0,41.0,,0.0,,125,,3,,32.0,12.0,15.0,0.0,40.0,40.0
3000,122,491.0,,320,,3,,0.0,,2.0,63.0,,10.0,,180,,2,,55.0,18.0,25.0,0.0,50.0,30.0
3000,122,492.0,,380,,11,,0.3,,6.0,63.0,,35.0,,200,,2,,54.0,17.0,25.0,2.0,50.0,30.0
3000,122,493.0,,330,,9,,0.0,,2.5,55.0,,0.0,,160,,4,,44.0,15.0,15.0,0.0,50.0,50.0
3000,122,494.0,,140,,0,,0.0,,0.0,35.0,,0.0,,10,,0,,33.0,0.0,0.0,0.0,0.0,0.0
3000,122,495.0,,210,,0,,0.0,,0.0,53.0,,0.0,,15,,0,,49.0,0.0,0.0,0.0,0.0,0.0
3000,122,496.0,,280,,0,,0.0,,0.0,70.0,,0.0,,20,,0,,65.0,0.0,0.0,0.0,0.0,0.0
3000,122,497.0,,360,,0,,0.0,,0.0,89.0,,0.0,,25,,0,,83.0,0.0,0.0,0.0,0.0,0.0
3000,123,498.0,,0,,0,,0.0,,0.0,0.0,,0.0,,0,,0,,0.0,0.0,0.0,0.0,0.0,0.0
3000,123,499.0,,0,,0,,0.0,,0.0,0.0,,0.0,,0,,0,,0.0,0.0,0.0,0.0,0.0,0.0
3000,123,500.0,,0,,0,,0.0,,0.0,0.0,,0.0,,0,,0,,0.0,0.0,0.0,0.0,0.0,0.0
3000,123,501.0,,0,,0,,0.0,,0.0,0.0,,0.0,,0,,0,,0.0,0.0,0.0,0.0,0.0,0.0
3000,123,502.0,,100,,0.1,,0.0,,0.1,22.0,,0.0,,50,,0,,21.0,4.0,6.0,0.0,10.0,0.0
3000,123,503.0,,120,,2,,0.1,,1.0,22.0,,10.0,,55,,0,,21.0,4.0,6.0,0.0,10.0,0.0
3000,123,504.0,,110,,1.5,,0.0,,0.2,20.0,,0.0,,45,,0,,18.0,3.0,4.0,0.0,10.0,6.0
3000,123,505.0,,160,,0.2,,0.0,,0.1,34.0,,5.0,,80,,0,,32.0,6.0,10.0,0.0,20.0,2.0
3000,123,506.0,,190,,3.5,,0.1,,1.5,34.0,,15.0,,90,,0,,32.0,6.0,10.0,0.0,20.0,2.0
3000,123,507.0,,160,,2.5,,0.0,,0.3,31.0,,0.0,,70,,1,,28.0,5.0,6.0,0.0,20.0,10.0
3000,123,508.0,,210,,0.2,,0.0,,0.1,45.0,,5.0,,105,,0,,43.0,8.0,15.0,0.0,25.0,2.0
3000,123,509.0,,240,,4.5,,0.1,,2.0,45.0,,20.0,,115,,0,,42.0,8.0,10.0,0.0,25.0,2.0
3000,123,510.0,,220,,3.5,,0.0,,0.4,41.0,,0.0,,90,,1,,37.0,6.0,8.0,0.0,25.0,10.0
3000,123,511.0,,260,,0.3,,0.0,,0.2,57.0,,5.0,,135,,0,,54.0,10.0,15.0,0.0,35.0,2.0
3000,123,512.0,,310,,6,,0.2,,3.0,56.0,,25.0,,150,,0,,53.0,10.0,15.0,2.0,30.0,2.0
3000,123,513.0,,280,,4.5,,0.0,,0.5,51.0,,0.0,,115,,1,,46.0,8.0,10.0,0.0,30.0,15.0
3000,123,514.0,,130,,0.2,,0.0,,0.1,26.0,,5.0,,85,,0,,25.0,7.0,10.0,4.0,20.0,2.0
3000,123,515.0,,170,,4,,0.1,,2.0,26.0,,15.0,,95,,0,,25.0,7.0,10.0,6.0,20.0,2.0
3000,123,516.0,,140,,3,,0.0,,0.4,22.0,,0.0,,70,,1,,20.0,6.0,8.0,4.0,20.0,10.0
3000,123,517.0,,210,,0.4,,0.0,,0.2,42.0,,5.0,,125,,1,,41.0,11.0,20.0,10.0,35.0,4.0
3000,123,518.0,,260,,6,,0.2,,3.0,41.0,,25.0,,140,,1,,40.0,10.0,15.0,10.0,35.0,4.0
3000,123,519.0,,230,,4.5,,0.0,,0.5,36.0,,0.0,,110,,2,,33.0,9.0,10.0,10.0,35.0,15.0
3000,123,520.0,,290,,0.5,,0.0,,0.2,57.0,,10.0,,160,,1,,56.0,14.0,25.0,15.0,45.0,4.0
3000,123,521.0,,350,,8,,0.2,,4.0,57.0,,30.0,,180,,1,,55.0,14.0,20.0,15.0,45.0,4.0
3000,123,522.0,,310,,6,,0.0,,1.0,50.0,,0.0,,140,,3,,46.0,11.0,15.0,15.0,45.0,25.0
3000,123,523.0,,370,,0.5,,0.0,,0.3,73.0,,10.0,,200,,2,,71.0,18.0,30.0,20.0,60.0,6.0
3000,123,524.0,,450,,10,,0.3,,5.0,72.0,,40.0,,230,,2,,71.0,17.0,25.0,20.0,50.0,6.0
3000,123,525.0,,390,,8,,0.0,,1.0,64.0,,0.0,,180,,4,,58.0,14.0,20.0,20.0,60.0,30.0
3000,123,526.0,,80,,0.1,,0.0,,0.1,16.0,,0.0,,45,,0,,16.0,4.0,6.0,0.0,10.0,0.0
3000,123,527.0,,90,,2,,0.1,,1.0,15.0,,10.0,,50,,0,,15.0,3.0,6.0,0.0,10.0,0.0
3000,123,528.0,,80,,1.5,,0.0,,0.2,14.0,,0.0,,40,,0,,13.0,3.0,4.0,0.0,10.0,6.0
3000,123,529.0,,120,,0.1,,0.0,,0.1,23.0,,5.0,,65,,0,,23.0,5.0,10.0,0.0,20.0,0.0
3000,123,530.0,,140,,3,,0.1,,1.5,23.0,,15.0,,75,,0,,23.0,5.0,8.0,0.0,15.0,0.0
3000,123,531.0,,130,,2.5,,0.0,,0.3,21.0,,0.0,,60,,1,,19.0,4.0,6.0,0.0,20.0,8.0
3000,123,532.0,,150,,0.2,,0.0,,0.1,31.0,,5.0,,85,,0,,31.0,7.0,15.0,0.0,25.0,0.0
3000,123,533.0,,190,,4,,0.1,,2.0,31.0,,15.0,,95,,0,,30.0,7.0,10.0,0.0,25.0,0.0
3000,123,534.0,,170,,3.5,,0.0,,0.4,27.0,,0.0,,80,,1,,25.0,6.0,8.0,0.0,25.0,10.0
3000,123,535.0,,190,,0.2,,0.0,,0.1,39.0,,5.0,,110,,0,,39.0,9.0,15.0,0.0,30.0,0.0
3000,123,536.0,,230,,5,,0.2,,2.5,38.0,,20.0,,125,,0,,38.0,9.0,15.0,0.0,30.0,0.0
3000,123,537.0,,210,,4,,0.0,,0.5,34.0,,0.0,,100,,1,,32.0,7.0,10.0,0.0,30.0,15.0
3000,123,538.0,,80,,0.1,,0.0,,0.1,16.0,,0.0,,45,,0,,16.0,4.0,6.0,0.0,10.0,0.0
3000,123,539.0,,90,,2,,0.1,,1.0,15.0,,10.0,,50,,0,,15.0,3.0,6.0,0.0,10.0,0.0
3000,123,540.0,,80,,1.5,,0.0,,0.2,14.0,,0.0,,40,,0,,13.0,3.0,4.0,0.0,10.0,6.0
3000,123,541.0,,120,,0.1,,0.0,,0.1,23.0,,5.0,,65,,0,,23.0,5.0,10.0,0.0,20.0,0.0
3000,123,542.0,,140,,3,,0.1,,1.5,23.0,,15.0,,75,,0,,23.0,5.0,8.0,0.0,15.0,0.0
3000,123,543.0,,130,,2.5,,0.0,,0.3,21.0,,0.0,,60,,1,,19.0,4.0,6.0,0.0,20.0,8.0
3000,123,544.0,,150,,0.2,,0.0,,0.1,31.0,,5.0,,85,,0,,31.0,7.0,15.0,0.0,25.0,0.0
3000,123,545.0,,190,,4,,0.1,,2.0,31.0,,15.0,,95,,0,,30.0,7.0,10.0,0.0,25.0,0.0
3000,123,546.0,,170,,3.5,,0.0,,0.4,27.0,,0.0,,80,,1,,25.0,6.0,8.0,0.0,25.0,10.0
3000,123,547.0,,190,,0.2,,0.0,,0.1,39.0,,5.0,,110,,0,,39.0,9.0,15.0,0.0,30.0,0.0
3000,123,548.0,,230,,5,,0.2,,2.5,38.0,,20.0,,125,,0,,38.0,9.0,15.0,0.0,30.0,0.0
3000,123,549.0,,210,,4,,0.0,,0.5,34.0,,0.0,,100,,1,,32.0,7.0,10.0,0.0,30.0,15.0
3000,124,550.0,,60,,0,,0.0,,0.0,15.0,,0.0,,4,,0,,15.0,0.2,0.0,0.0,0.0,0.0
3000,124,551.0,,90,,0.1,,0.0,,0.0,21.0,,0.0,,5,,0,,21.0,0.3,0.0,0.0,0.0,0.0
3000,124,552.0,,130,,0.1,,0.0,,0.0,31.0,,0.0,,5,,0,,31.0,0.4,0.0,0.0,0.0,0.0
3000,124,553.0,,80,,0.1,,0.0,,0.0,18.0,,0.0,,25,,0,,18.0,2.0,2.0,0.0,6.0,0.0
3000,124,554.0,,90,,1,,0.0,,0.5,18.0,,5.0,,25,,0,,18.0,2.0,2.0,0.0,6.0,0.0
3000,124,555.0,,80,,1,,0.0,,0.1,17.0,,0.0,,20,,0,,17.0,2.0,2.0,0.0,6.0,0.0
3000,124,556.0,,110,,0.1,,0.0,,0.0,24.0,,0.0,,30,,0,,24.0,2.0,4.0,0.0,8.0,2.0
3000,124,557.0,,120,,1.5,,0.0,,0.5,24.0,,5.0,,35,,0,,24.0,2.0,4.0,0.0,8.0,0.0
3000,124,558.0,,110,,1,,0.0,,0.1,23.0,,0.0,,30,,0,,22.0,2.0,2.0,0.0,8.0,0.0
3000,124,559.0,,160,,0.1,,0.0,,0.1,36.0,,0.0,,50,,0,,36.0,4.0,6.0,0.0,10.0,4.0
3000,124,560.0,,180,,2,,0.1,,1.0,36.0,,10.0,,55,,0,,36.0,4.0,6.0,0.0,10.0,0.0
3000,124,561.0,,170,,1.5,,0.0,,0.2,34.0,,0.0,,45,,0,,33.0,3.0,4.0,0.0,10.0,0.0
3000,124,562.0,,60,,0,,0.0,,0.0,15.0,,0.0,,0,,0,,15.0,0.0,0.0,0.0,0.0,6.0
3000,124,563.0,,80,,0,,0.0,,0.0,21.0,,0.0,,0,,0,,21.0,0.0,0.0,0.0,0.0,0.0
3000,124,564.0,,120,,0,,0.0,,0.0,31.0,,0.0,,0,,0,,31.0,0.0,0.0,0.0,0.0,0.0
3000,124,565.0,,100,,0,,0.0,,0.0,25.0,,0.0,,0,,0,,24.0,0.1,0.0,10.0,0.0,0.0
3000,124,566.0,,130,,0,,0.0,,0.0,33.0,,0.0,,0,,0,,33.0,0.1,0.0,15.0,0.0,0.0
3000,124,567.0,,190,,0,,0.0,,0.0,49.0,,0.0,,0,,0,,49.0,0.1,0.0,20.0,0.0,0.0
3000,125,568.0,,280,,2.5,,0.0,,1.5,53.0,,5.0,,150,,7,,34.0,20.0,10.0,15.0,20.0,0.0
3000,125,569.0,,300,,5,,0.1,,2.5,53.0,,15.0,,160,,7,,34.0,20.0,8.0,15.0,20.0,20.0
3000,125,570.0,,290,,4.5,,0.0,,1.5,51.0,,5.0,,150,,7,,31.0,19.0,6.0,15.0,20.0,20.0
3000,125,571.0,,260,,1,,0.0,,0.3,54.0,,5.0,,120,,6,,37.0,16.0,50.0,80.0,10.0,30.0
3000,125,572.0,,270,,1.5,,0.0,,0.5,53.0,,5.0,,125,,6,,37.0,16.0,50.0,80.0,10.0,6.0
3000,125,573.0,,270,,1.5,,0.0,,0.4,53.0,,5.0,,120,,6,,36.0,15.0,50.0,80.0,10.0,6.0
3000,125,574.0,,290,,1,,0.0,,0.3,58.0,,5.0,,125,,7,,41.0,16.0,4.0,100.0,10.0,8.0
3000,125,575.0,,290,,2,,0.0,,1.0,58.0,,5.0,,125,,7,,41.0,16.0,4.0,100.0,10.0,8.0
3000,125,576.0,,290,,2,,0.0,,0.4,58.0,,5.0,,120,,8,,40.0,16.0,2.0,100.0,10.0,8.0
3000,126,577.0,,160,,0.1,,0.0,,0.0,36.0,,0.0,,160,,0,,36.0,3.0,4.0,0.0,10.0,10.0
3000,126,578.0,,180,,2.5,,0.1,,1.5,36.0,,10.0,,160,,0,,36.0,3.0,4.0,0.0,8.0,0.0
3000,126,579.0,,160,,1.5,,0.0,,0.2,35.0,,0.0,,150,,0,,34.0,2.0,4.0,0.0,10.0,0.0
3000,126,580.0,,220,,0.1,,0.0,,0.1,51.0,,0.0,,210,,0,,50.0,4.0,6.0,0.0,10.0,4.0
3000,126,581.0,,240,,3,,0.1,,2.0,50.0,,10.0,,220,,0,,50.0,3.0,4.0,0.0,10.0,0.0
3000,126,582.0,,220,,1.5,,0.0,,0.2,49.0,,0.0,,210,,0,,47.0,3.0,4.0,0.0,10.0,0.0
3000,126,583.0,,310,,0.1,,0.0,,0.1,70.0,,5.0,,300,,0,,69.0,6.0,10.0,0.0,20.0,6.0
3000,126,584.0,,350,,5,,0.2,,3.0,70.0,,15.0,,300,,0,,69.0,5.0,8.0,0.0,15.0,2.0
3000,126,585.0,,310,,2.5,,0.0,,0.3,68.0,,0.0,,300,,1,,66.0,5.0,6.0,0.0,20.0,2.0
3000,126,586.0,,180,,0.5,,0.0,,0.4,42.0,,0.0,,150,,1,,40.0,3.0,4.0,0.0,10.0,8.0
3000,126,587.0,,200,,3,,0.1,,2.0,42.0,,10.0,,160,,1,,40.0,3.0,4.0,0.0,8.0,6.0
3000,126,588.0,,180,,2,,0.0,,0.5,40.0,,0.0,,150,,1,,38.0,3.0,4.0,0.0,10.0,10.0
3000,126,589.0,,260,,1,,0.0,,0.5,61.0,,0.0,,220,,1,,58.0,4.0,6.0,0.0,10.0,8.0
3000,126,590.0,,290,,4,,0.1,,2.5,61.0,,10.0,,220,,1,,58.0,4.0,4.0,0.0,10.0,8.0
3000,126,591.0,,260,,2.5,,0.0,,0.5,59.0,,0.0,,220,,1,,55.0,4.0,4.0,0.0,10.0,15.0
3000,126,592.0,,340,,1,,0.0,,0.5,80.0,,5.0,,300,,1,,76.0,7.0,10.0,0.0,15.0,10.0
3000,126,593.0,,390,,6,,0.1,,3.5,80.0,,15.0,,300,,1,,76.0,6.0,8.0,0.0,15.0,10.0
3000,126,594.0,,350,,3,,0.0,,1.0,78.0,,0.0,,290,,2,,73.0,6.0,6.0,0.0,20.0,20.0
3000,126,595.0,,180,,0.1,,0.0,,0.0,42.0,,0.0,,160,,0,,41.0,3.0,4.0,0.0,10.0,0.0
3000,126,596.0,,200,,2.5,,0.1,,1.5,42.0,,10.0,,160,,0,,41.0,3.0,4.0,0.0,8.0,0.0
3000,126,597.0,,180,,1.5,,0.0,,0.2,40.0,,0.0,,150,,0,,39.0,2.0,4.0,0.0,10.0,4.0
3000,126,598.0,,280,,0.1,,0.0,,0.1,60.0,,0.0,,220,,0,,59.0,4.0,6.0,0.0,10.0,0.0
3000,126,599.0,,280,,3.5,,0.1,,2.0,60.0,,10.0,,220,,0,,59.0,3.0,4.0,0.0,10.0,0.0
3000,126,600.0,,260,,1.5,,0.0,,0.2,58.0,,0.0,,220,,0,,56.0,3.0,4.0,0.0,10.0,6.0
3000,126,601.0,,330,,0.1,,0.0,,0.1,78.0,,5.0,,290,,0,,77.0,5.0,10.0,0.0,15.0,2.0
3000,126,602.0,,370,,5,,0.1,,3.0,78.0,,15.0,,300,,0,,77.0,5.0,8.0,0.0,15.0,2.0
3000,126,603.0,,340,,2.5,,0.0,,0.3,75.0,,0.0,,290,,1,,73.0,5.0,6.0,0.0,20.0,8.0
3000,126,604.0,,220,,3,,0.0,,2.0,47.0,,0.0,,170,,1,,44.0,4.0,4.0,0.0,10.0,20.0
3000,126,605.0,,240,,5,,0.1,,3.5,47.0,,10.0,,170,,1,,44.0,4.0,4.0,0.0,8.0,20.0
3000,126,606.0,,220,,4,,0.0,,2.5,45.0,,0.0,,170,,1,,42.0,3.0,4.0,0.0,10.0,20.0
3000,126,607.0,,310,,4,,0.0,,3.0,67.0,,0.0,,250,,2,,62.0,5.0,6.0,0.0,10.0,25.0
3000,126,608.0,,340,,7,,0.1,,5.0,67.0,,10.0,,250,,2,,62.0,5.0,4.0,0.0,10.0,25.0
3000,126,609.0,,310,,6,,0.0,,3.5,65.0,,0.0,,240,,2,,60.0,4.0,4.0,0.0,10.0,30.0
3000,126,610.0,,420,,5,,0.0,,4.0,90.0,,5.0,,340,,2,,84.0,7.0,10.0,0.0,20.0,35.0
3000,126,611.0,,460,,10,,0.2,,7.0,90.0,,15.0,,340,,2,,84.0,7.0,6.0,0.0,15.0,35.0
3000,126,612.0,,430,,8,,0.0,,4.5,88.0,,0.0,,330,,3,,80.0,6.0,6.0,0.0,20.0,40.0
3000,127,613.0,,90,,0.1,,0.0,,0.0,20.0,,0.0,,160,,0,,19.0,3.0,4.0,0.0,10.0,0.0
3000,127,614.0,,120,,0.1,,0.0,,0.1,26.0,,0.0,,210,,0,,26.0,3.0,6.0,0.0,10.0,0.0
3000,127,615.0,,160,,0.1,,0.0,,0.1,34.0,,5.0,,270,,0,,33.0,5.0,8.0,0.0,15.0,2.0
3000,127,616.0,,110,,0.5,,0.0,,0.4,24.0,,0.0,,150,,1,,23.0,3.0,4.0,0.0,8.0,6.0
3000,127,617.0,,150,,1,,0.0,,0.5,33.0,,0.0,,200,,1,,30.0,4.0,6.0,0.0,10.0,8.0
3000,127,618.0,,210,,1,,0.0,,0.5,46.0,,5.0,,280,,1,,42.0,6.0,8.0,0.0,15.0,10.0
3000,127,619.0,,100,,0.1,,0.0,,0.0,23.0,,0.0,,140,,0,,23.0,3.0,4.0,0.0,8.0,0.0
3000,127,620.0,,150,,0.1,,0.0,,0.1,33.0,,0.0,,200,,0,,32.0,3.0,6.0,0.0,10.0,0.0
3000,127,621.0,,200,,0.1,,0.0,,0.1,44.0,,5.0,,270,,0,,43.0,5.0,8.0,0.0,15.0,2.0
3000,127,622.0,,150,,3,,0.0,,2.0,30.0,,0.0,,170,,1,,27.0,4.0,4.0,0.0,10.0,20.0
3000,127,623.0,,220,,4,,0.0,,3.0,43.0,,0.0,,240,,2,,39.0,5.0,6.0,0.0,10.0,25.0
3000,127,624.0,,290,,5,,0.0,,4.0,58.0,,5.0,,320,,2,,52.0,7.0,8.0,0.0,15.0,35.0
3000,128,625.0,,170,,0.1,,0.0,,0.1,39.0,,0.0,,140,,0,,38.0,3.0,6.0,6.0,10.0,2.0
3000,128,626.0,,190,,3,,0.1,,1.5,38.0,,10.0,,140,,0,,37.0,3.0,4.0,6.0,10.0,2.0
3000,128,627.0,,170,,1.5,,0.0,,0.2,37.0,,0.0,,135,,1,,35.0,3.0,4.0,6.0,10.0,6.0
3000,128,628.0,,230,,0.2,,0.0,,0.1,53.0,,0.0,,190,,0,,52.0,4.0,8.0,6.0,15.0,4.0
3000,128,629.0,,260,,4,,0.1,,2.0,53.0,,10.0,,190,,0,,52.0,4.0,6.0,6.0,15.0,4.0
3000,128,630.0,,240,,2,,0.0,,0.2,51.0,,0.0,,180,,1,,49.0,3.0,4.0,6.0,15.0,8.0
3000,128,631.0,,310,,0.2,,0.0,,0.1,70.0,,5.0,,260,,0,,69.0,6.0,10.0,8.0,20.0,4.0
3000,128,632.0,,350,,6,,0.2,,3.0,70.0,,15.0,,260,,0,,68.0,6.0,8.0,8.0,20.0,4.0
3000,128,633.0,,320,,3 2,,0.0,,0.4,67.0,,0.0,,250,,1,,64.0,5.0,6.0,8.0,20.0,10.0
3000,128,634.0,,170,,0.1,,0.0,,0.1,39.0,,0.0,,160,,0,,38.0,4.0,6.0,0.0,10.0,0.0
3000,128,635.0,,200,,3.5,,0.1,,2.0,39.0,,10.0,,160,,0,,38.0,3.0,6.0,0.0,10.0,0.0
3000,128,636.0,,180,,1.5,,0.0,,0.2,37.0,,0.0,,160,,1,,35.0,3.0,4.0,0.0,10.0,6.0
3000,128,637.0,,240,,0.1,,0.0,,0.1,56.0,,5.0,,230,,0,,55.0,5.0,8.0,0.0,15.0,0.0
3000,100,638.0,,300,,5.0,,,,,,,,,50,,3,,,12.0,,,,
3000,100,639.0,,380,,6.0,,,,,,,,,70,,7,,,10.0,,,,
3000,100,640.0,,410,,22.0,,,,,,,,,45,,3,,,10.0,,,,
3000,100,641.0,,460,,23.0,,,,,,,,,56,,2,,,7.0,,,,
3000,100,642.0,,420,,22.0,,,,,,,,,52,,2,,,6.0,,,,
3000,100,643.0,,380,,16.0,,,,,,,,,53,,1,,,6.0,,,,
3000,100,644.0,,420,,17.0,,,,,,,,,61,,2,,,5.0,,,,
3000,100,645.0,,240,,12.0,,,,,,,,,28,,1,,,5.0,,,,
3000,129,646.0,,350,,22.0,,,,,,,,,38,,0,,,2.0,,,,
3000,100,647.0,,320,,16.0,,,,,,,,,36,,1,,,8.0,,,,
3000,129,648.0,,170,,5.0,,,,,,,,,30,,2,,,2.0,,,,
3000,129,649.0,,310,,15.0,,,,,,,,,42,,2,,,4.0,,,,
3000,100,650.0,,440,,21.0,,,,,,,,,60,,2,,,7.0,,,,
3000,100,651.0,,330,,18.0,,,,,,,,,38,,1,,,6.0,,,,
3000,100,652.0,,390,,22.0,,,,,,,,,43,,2,,,7.0,,,,
3000,129,653.0,,490,,24.0,,,,,,,,,64,,2,,,6.0,,,,
3000,100,654.0,,390,,15.0,,,,,,,,,56,,2,,,8.0,,,,
3000,100,655.0,,270,,1.0,,,,,,,,,58,,3,,,9.0,,,,
3000,100,656.0,,390,,16.0,,,,,,,,,57,,1,,,5.0,,,,
3000,129,657.0,,360,,23.0,,,,,,,,,36,,0,,,2.0,,,,
3000,100,658.0,,420,,15.0,,,,,,,,,64,,1,,,6.0,,,,
3000,100,659.0,,430,,23.0,,,,,,,,,53,,2,,,5.0,,,,
3000,129,660.0,,410,,24.0,,,,,,,,,46,,3,,,6.0,,,,
3000,129,661.0,,490,,28.0,,,,,,,,,55,,3,,,7.0,,,,
3000,129,662.0,,440,,23.0,,,,,,,,,54,,3,,,5.0,,,,
3000,100,663.0,,100,,3.5,,,,,,,,,14,,0,,,3.0,,,,
3000,100,664.0,,290,,3.5,,,,,,,,,53,,2,,,11.0,,,,
3000,100,665.0,,90,,3.0,,,,,,,,,14,,0,,,1.0,,,,
3000,100,666.0,,200,,8.0,,,,,,,,,30,,0,,,6.0,,,,
3000,129,667.0,,240,,5.0,,,,,,,,,45,,0,,,2.0,,,,
3000,129,668.0,,250,,14.0,,,,,,,,,29,,1,,,3.0,,,,
3000,129,669.0,,470,,20.0,,,,,,,,,68,,1,,,6.0,,,,
3000,100,670.0,,310,,10.0,,,,,,,,,47,,2,,,3.0,,,,
3000,100,671.0,,350,,4.0,,,,,,,,,64,,8,,,17.0,,,,
3000,129,672.0,,290,,12.0,,,,,,,,,40,,3,,,5.0,,,,
3000,129,673.0,,330,,18.0,,,,,,,,,39,,1,,,3.0,,,,
3000,100,674.0,,480,,27.0,,,,,,,,,56,,1,,,5.0,,,,
3000,129,675.0,,360,,21.0,,,,,,,,,36,,3,,,8.0,,,,
3000,129,676.0,,330,,18.0,,,,,,,,,39,,1,,,4.0,,,,
3000,100,677.0,,120,,4.5,,,,,,,,,18,,0,,,2.0,,,,
3000,100,678.0,,280,,1.5,,,,,,,,,56,,2,,,9.0,,,,
3000,100,679.0,,410,,15.0,,,,,,,,,63,,2,,,6.0,,,,
3000,100,680.0,,420,,17.0,,,,,,,,,61,,1,,,6.0,,,,
3000,129,681.0,,360,,18.0,,,,,,,,,45,,1,,,3.0,,,,
3000,100,682.0,,370,,9.0,,,,,,,,,67,,2,,,5.0,,,,
3000,129,683.0,,330,,17.0,,,,,,,,,44,,1,,,2.0,,,,
3000,129,684.0,,330,,17.0,,,,,,,,,44,,1,,,2.0,,,,
3000,100,685.0,,330,,6.0,,,,,,,,,57,,7,,,12.0,,,,
3000,129,686.0,,180,,9.0,,,,,,,,,23,,0,,,2.0,,,,
3000,100,687.0,,200,,8.0,,,,,,,,,28,,0,,,6.0,,,,
3000,129,688.0,,300,,13.0,,,,,,,,,44,,1,,,3.0,,,,
3000,129,689.0,,360,,18.0,,,,,,,,,45,,1,,,3.0,,,,
3000,100,690.0,,390,,21.0,,,,,,,,,45,,2,,,6.0,,,,
3000,130,691.0,,270,,14.0,,,,,,,,,27,,2,,,10.0,,,,
3000,130,692.0,,600,,25.0,,,,,,,,,80,,10,,,19.0,,,,
3000,130,693.0,,300,,14.0,,,,,,,,,34,,2,,,11.0,,,,
3000,130,694.0,,360,,18.0,,,,,,,,,33,,3,,,17.0,,,,
3000,130,695.0,,130,,12.0,,,,,,,,,7,,3,,,2.0,,,,
3000,130,696.0,,430,,23.0,,,,,,,,,34,,3,,,21.0,,,,
3000,130,697.0,,470,,29.0,,,,,,,,,29,,4,,,21.0,,,,
3000,130,698.0,,170,,13.0,,,,,,,,,9,,2,,,7.0,,,,
3000,130,699.0,,620,,37.0,,,,,,,,,62,,10,,,13.0,,,,
3000,130,700.0,,300,,8.0,,,,,,,,,43,,2,,,19.0,,,,
3000,130,701.0,,360,,7.0,,,,,,,,,52,,3,,,22.0,,,,
3000,130,702.0,,440,,26.0,,,,,,,,,44,,7,,,10.0,,,,
3000,130,703.0,,600,,32.0,,,,,,,,,47,,6,,,32.0,,,,
3000,130,704.0,,530,,29.0,,,,,,,,,44,,2,,,23.0,,,,
3000,130,705.0,,350,,18.0,,,,,,,,,31,,1,,,16.0,,,,
3000,130,706.0,,500,,28.0,,,,,,,,,46,,4,,,18.0,,,,
3000,130,707.0,,560,,29.0,,,,,,,,,53,,7,,,24.0,,,,
3000,130,708.0,,570,,23.0,,,,,,,,,67,,11,,,27.0,,,,
3000,130,709.0,,420,,16.0,,,,,,,,,49,,5,,,22.0,,,,
3000,130,710.0,,450,,27.0,,,,,,,,,34,,4,,,20.0,,,,
3000,130,711.0,,460,,22.0,,,,,,,,,45,,4,,,20.0,,,,
3000,100,712.0,,460,,24.0,,,,,,,,,40,,5,,,23.0,,,,
3000,130,713.0,,520,,26.0,,,,,,,,,53,,5,,,20.0,,,,
3000,130,714.0,,360,,12.0,,,,,,,,,42,,5,,,24.0,,,,
3000,129,715.0,,170,,9.0,,,,,,,,,23,,0,,,1.0,,,,
3000,129,716.0,,160,,8.0,,,,,,,,,23,,1,,,2.0,,,,
3000,129,717.0,,180,,9.0,,,,,,,,,23,,0,,,2.0,,,,
3000,129,718.0,,180,,9.0,,,,,,,,,24,,0,,,1.0,,,,
3000,100,719.0,,370,,19.0,,,,,,,,,32,,1,,,18.0,,,,
3000,100,720.0,,280,,13.0,,,,,,,,,18,,6,,,18.0,,,,
3000,100,721.0,,160,,2.5,,,,,,,,,28,,4,,,5.0,,,,
3000,100,722.0,,490,,27.0,,,,,,,,,40,,1,,,21.0,,,,
3000,100,723.0,,320,,17.0,,,,,,,,,28,,1,,,14.0,,,,
3000,100,724.0,,220,,2.5,,,,,,,,,43,,5,,,5.0,,,,
3000,100,725.0,,230,,6.0,,,,,,,,,28,,2,,,16.0,,,,
3000,100,726.0,,500,,28.0,,,,,,,,,41,,1,,,15.0,,,,
3000,100,727.0,,410,,18.0,,,,,,,,,43,,2,,,21.0,,,,
3000,100,728.0,,450,,23.0,,,,,,,,,42,,1,,,24.0,,,,
3000,100,729.0,,310,,22.0,,,,,,,,,9,,0,,,19.0,,,,
3000,100,730.0,,170,,7.0,,,,,,,,,13,,1,,,13.0,,,,
3000,100,731.0,,500,,30.0,,,,,,,,,35,,3,,,26.0,,,,
3000,100,732.0,,290,,10.0,,,,,,,,,33,,6,,,19.0,,,,
3000,130,733.0,,500,,19.0,,,,,,,,,57,,4,,,26.0,,,,
3000,130,734.0,,420,,17.0,,,,,,,,,42,,9,,,27.0,,,,
3000,130,735.0,,510,,27.0,,,,,,,,,37,,5,,,24.0,,,,
3000,130,736.0,,470,,25.0,,,,,,,,,35,,3,,,21.0,,,,
3000,130,737.0,,480,,27.0,,,,,,,,,42,,7,,,16.0,,,,
3000,130,738.0,,480,,17.0,,,,,,,,,57,,3,,,23.0,,,,
3000,130,739.0,,480,,20.0,,,,,,,,,49,,3,,,22.0,,,,
3000,130,740.0,,650,,29.0,,,,,,,,,80,,21,,,23.0,,,,
3000,130,741.0,,420,,18.0,,,,,,,,,47,,3,,,11.0,,,,
3000,130,742.0,,460,,21.0,,,,,,,,,31,,2,,,29.0,,,,
3000,130,743.0,,560,,23.0,,,,,,,,,55,,3,,,34.0,,,,
3000,100,744.0,,240,,2.5,,,,,,,,,39,,3,,,14.0,,,,
3000,100,745.0,,240,,2.5,,,,,,,,,42,,2,,,14.0,,,,
3000,130,746.0,,180,,14.0,,,,,,,,,12,,3,,,4.0,,,,
3000,130,747.0,,190,,18.0,,,,,,,,,6,,3,,,7.0,,,,
3000,100,748.0,,340,,13.0,,,,,,,,,38,,0,,,18.0,,,,
3000,100,749.0,,90,,8.0,,,,,,,,,5,,4,,,1.0,,,,
3000,100,,,90,,0.0,,,,,,,,,24,,4,,,1.0,,,,
